feeder_id,timestamp,total_kwh
F01,2025-01-01 00:00:00,20.286636970673513
F02,2025-01-01 00:00:00,22.416436172721628
F03,2025-01-01 00:00:00,17.91594324672919
F04,2025-01-01 00:00:00,22.294338365452425
F05,2025-01-01 00:00:00,22.644086997831145
F06,2025-01-01 00:00:00,23.064655573043435
F07,2025-01-01 00:00:00,25.86489993246001
F08,2025-01-01 00:00:00,23.609794056222057
F09,2025-01-01 00:00:00,22.66352826661647
F10,2025-01-01 00:00:00,22.999409558597502
F01,2025-01-01 00:15:00,19.31935181760454
F02,2025-01-01 00:15:00,22.781035585047253
F03,2025-01-01 00:15:00,19.235236014089576
F04,2025-01-01 00:15:00,23.039842924293506
F05,2025-01-01 00:15:00,23.124740253623816
F06,2025-01-01 00:15:00,22.591957581990922
F07,2025-01-01 00:15:00,25.5609738505661
F08,2025-01-01 00:15:00,23.617590900088445
F09,2025-01-01 00:15:00,23.020277196954513
F10,2025-01-01 00:15:00,22.712772277519388
F01,2025-01-01 00:30:00,19.957030258525023
F02,2025-01-01 00:30:00,20.621477513657265
F03,2025-01-01 00:30:00,19.486770796016316
F04,2025-01-01 00:30:00,22.571838197688216
F05,2025-01-01 00:30:00,22.643297432071947
F06,2025-01-01 00:30:00,22.434524999237663
F07,2025-01-01 00:30:00,25.928080135539982
F08,2025-01-01 00:30:00,23.240248544823064
F09,2025-01-01 00:30:00,22.771105457073148
F10,2025-01-01 00:30:00,23.393094808154437
F01,2025-01-01 00:45:00,19.476478060462068
F02,2025-01-01 00:45:00,22.263968769167224
F03,2025-01-01 00:45:00,19.26556062931207
F04,2025-01-01 00:45:00,22.873267435842983
F05,2025-01-01 00:45:00,22.40450905610948
F06,2025-01-01 00:45:00,22.772373512722464
F07,2025-01-01 00:45:00,26.28095565627555
F08,2025-01-01 00:45:00,23.684831365255825
F09,2025-01-01 00:45:00,22.930176892782683
F10,2025-01-01 00:45:00,23.36851752658573
F01,2025-01-01 01:00:00,19.865264208176548
F02,2025-01-01 01:00:00,22.254547858332177
F03,2025-01-01 01:00:00,18.490037632136275
F04,2025-01-01 01:00:00,23.001535284107256
F05,2025-01-01 01:00:00,22.766989052634074
F06,2025-01-01 01:00:00,22.619384404615364
F07,2025-01-01 01:00:00,26.079757804379213
F08,2025-01-01 01:00:00,23.853166685720094
F09,2025-01-01 01:00:00,23.481343647459884
F10,2025-01-01 01:00:00,23.0854397462062
F01,2025-01-01 01:15:00,19.186994685148186
F02,2025-01-01 01:15:00,22.014064093640524
F03,2025-01-01 01:15:00,19.281063651527834
F04,2025-01-01 01:15:00,22.641074178108074
F05,2025-01-01 01:15:00,22.990410320809993
F06,2025-01-01 01:15:00,22.28540510055521
F07,2025-01-01 01:15:00,25.583229555989956
F08,2025-01-01 01:15:00,23.57845975833985
F09,2025-01-01 01:15:00,23.011965376987224
F10,2025-01-01 01:15:00,24.001656174472256
F01,2025-01-01 01:30:00,19.827161412798258
F02,2025-01-01 01:30:00,21.718744279183124
F03,2025-01-01 01:30:00,18.75320681657801
F04,2025-01-01 01:30:00,22.439800392395895
F05,2025-01-01 01:30:00,22.753825873838338
F06,2025-01-01 01:30:00,22.537004961385037
F07,2025-01-01 01:30:00,25.598061372836938
F08,2025-01-01 01:30:00,24.05183462003192
F09,2025-01-01 01:30:00,22.867322097888437
F10,2025-01-01 01:30:00,23.28660387608885
F01,2025-01-01 01:45:00,19.57523678768793
F02,2025-01-01 01:45:00,21.39451107168184
F03,2025-01-01 01:45:00,19.210749827027822
F04,2025-01-01 01:45:00,22.548423775161428
F05,2025-01-01 01:45:00,23.215905290283807
F06,2025-01-01 01:45:00,22.786813538093316
F07,2025-01-01 01:45:00,26.022884597805785
F08,2025-01-01 01:45:00,23.634923764786265
F09,2025-01-01 01:45:00,22.867025162634196
F10,2025-01-01 01:45:00,23.201570999559152
F01,2025-01-01 02:00:00,19.8599755194176
F02,2025-01-01 02:00:00,20.849209024416623
F03,2025-01-01 02:00:00,19.0762483499107
F04,2025-01-01 02:00:00,22.75129013425134
F05,2025-01-01 02:00:00,22.733640780815534
F06,2025-01-01 02:00:00,22.30372337034639
F07,2025-01-01 02:00:00,25.83203920499334
F08,2025-01-01 02:00:00,23.569464600782755
F09,2025-01-01 02:00:00,22.94102127875879
F10,2025-01-01 02:00:00,23.593146703994684
F01,2025-01-01 02:15:00,19.007764183327478
F02,2025-01-01 02:15:00,21.49195277626517
F03,2025-01-01 02:15:00,18.353247410024025
F04,2025-01-01 02:15:00,22.93835517909184
F05,2025-01-01 02:15:00,22.6330270339214
F06,2025-01-01 02:15:00,22.348416220342383
F07,2025-01-01 02:15:00,26.38232971003643
F08,2025-01-01 02:15:00,23.652184164586604
F09,2025-01-01 02:15:00,22.54495491068601
F10,2025-01-01 02:15:00,23.336086342828494
F01,2025-01-01 02:30:00,19.387904119802986
F02,2025-01-01 02:30:00,20.48873733357294
F03,2025-01-01 02:30:00,19.059116155949408
F04,2025-01-01 02:30:00,22.686140681669638
F05,2025-01-01 02:30:00,22.993165623944712
F06,2025-01-01 02:30:00,22.484009358730503
F07,2025-01-01 02:30:00,25.666966812280503
F08,2025-01-01 02:30:00,23.62025260574724
F09,2025-01-01 02:30:00,22.872599175414646
F10,2025-01-01 02:30:00,23.216863982693827
F01,2025-01-01 02:45:00,19.692705843210845
F02,2025-01-01 02:45:00,20.98701276796446
F03,2025-01-01 02:45:00,18.652368695112575
F04,2025-01-01 02:45:00,22.805996453101464
F05,2025-01-01 02:45:00,22.367927584236426
F06,2025-01-01 02:45:00,22.95447933841287
F07,2025-01-01 02:45:00,26.510999922096488
F08,2025-01-01 02:45:00,23.613956222640592
F09,2025-01-01 02:45:00,22.77936017379867
F10,2025-01-01 02:45:00,23.859672147865684
F01,2025-01-01 03:00:00,19.88962783047582
F02,2025-01-01 03:00:00,23.066052443240302
F03,2025-01-01 03:00:00,17.68357290926566
F04,2025-01-01 03:00:00,22.881363962731616
F05,2025-01-01 03:00:00,22.754843693494326
F06,2025-01-01 03:00:00,22.936069944278177
F07,2025-01-01 03:00:00,26.01580688967639
F08,2025-01-01 03:00:00,23.150065166104977
F09,2025-01-01 03:00:00,23.052096585623055
F10,2025-01-01 03:00:00,23.530431665070097
F01,2025-01-01 03:15:00,19.491734301867496
F02,2025-01-01 03:15:00,21.370789140299465
F03,2025-01-01 03:15:00,19.665353567857462
F04,2025-01-01 03:15:00,23.337688074093386
F05,2025-01-01 03:15:00,22.45181468478989
F06,2025-01-01 03:15:00,22.88482069918308
F07,2025-01-01 03:15:00,25.78030961068306
F08,2025-01-01 03:15:00,23.744828737261297
F09,2025-01-01 03:15:00,22.691884068325916
F10,2025-01-01 03:15:00,23.125310613638042
F01,2025-01-01 03:30:00,19.65126176346976
F02,2025-01-01 03:30:00,22.205996776838457
F03,2025-01-01 03:30:00,18.915413890302176
F04,2025-01-01 03:30:00,22.83828206030679
F05,2025-01-01 03:30:00,22.089942913035276
F06,2025-01-01 03:30:00,22.457053631016766
F07,2025-01-01 03:30:00,26.369387050989605
F08,2025-01-01 03:30:00,23.98028004443727
F09,2025-01-01 03:30:00,23.0951330746668
F10,2025-01-01 03:30:00,22.74744992253169
F01,2025-01-01 03:45:00,19.76635636264338
F02,2025-01-01 03:45:00,21.083428734524286
F03,2025-01-01 03:45:00,19.02096446542226
F04,2025-01-01 03:45:00,22.395376363518043
F05,2025-01-01 03:45:00,22.717822325065047
F06,2025-01-01 03:45:00,22.720113289438128
F07,2025-01-01 03:45:00,26.113259925077948
F08,2025-01-01 03:45:00,23.592378819468408
F09,2025-01-01 03:45:00,22.899059745610515
F10,2025-01-01 03:45:00,22.95196647095242
F01,2025-01-01 04:00:00,19.9867570536915
F02,2025-01-01 04:00:00,21.28102998804855
F03,2025-01-01 04:00:00,18.606139618914554
F04,2025-01-01 04:00:00,22.694802514593096
F05,2025-01-01 04:00:00,23.00764512337679
F06,2025-01-01 04:00:00,22.82922596316217
F07,2025-01-01 04:00:00,26.382725797256523
F08,2025-01-01 04:00:00,23.931999094198492
F09,2025-01-01 04:00:00,23.03117214478916
F10,2025-01-01 04:00:00,23.60145608826341
F01,2025-01-01 04:15:00,20.07151633695038
F02,2025-01-01 04:15:00,21.849614659508514
F03,2025-01-01 04:15:00,18.70771294858129
F04,2025-01-01 04:15:00,22.67638432263278
F05,2025-01-01 04:15:00,22.93391594207731
F06,2025-01-01 04:15:00,22.643836002939594
F07,2025-01-01 04:15:00,27.17068436527025
F08,2025-01-01 04:15:00,23.82758055341978
F09,2025-01-01 04:15:00,23.795609562164554
F10,2025-01-01 04:15:00,23.89512854302622
F01,2025-01-01 04:30:00,20.916551895749166
F02,2025-01-01 04:30:00,21.1559872316827
F03,2025-01-01 04:30:00,19.757863186423535
F04,2025-01-01 04:30:00,23.19328797134564
F05,2025-01-01 04:30:00,23.43116762616587
F06,2025-01-01 04:30:00,23.023099015465768
F07,2025-01-01 04:30:00,26.03051708047426
F08,2025-01-01 04:30:00,23.98614914342679
F09,2025-01-01 04:30:00,23.23060502165511
F10,2025-01-01 04:30:00,22.8143505557361
F01,2025-01-01 04:45:00,20.452066597039334
F02,2025-01-01 04:45:00,21.335101633948522
F03,2025-01-01 04:45:00,18.957232240295312
F04,2025-01-01 04:45:00,23.05597650217805
F05,2025-01-01 04:45:00,22.649847708684153
F06,2025-01-01 04:45:00,22.552654056355784
F07,2025-01-01 04:45:00,26.999938366492962
F08,2025-01-01 04:45:00,24.068825706380697
F09,2025-01-01 04:45:00,23.22641457892298
F10,2025-01-01 04:45:00,23.30420733136619
F01,2025-01-01 05:00:00,20.13152769336919
F02,2025-01-01 05:00:00,23.282260841461248
F03,2025-01-01 05:00:00,19.377205926158876
F04,2025-01-01 05:00:00,23.602000688527756
F05,2025-01-01 05:00:00,23.896443573697194
F06,2025-01-01 05:00:00,24.02522063547262
F07,2025-01-01 05:00:00,26.58874437787482
F08,2025-01-01 05:00:00,24.646820697724607
F09,2025-01-01 05:00:00,24.163782525763565
F10,2025-01-01 05:00:00,24.47834041199257
F01,2025-01-01 05:15:00,20.53085942931476
F02,2025-01-01 05:15:00,22.181195720527267
F03,2025-01-01 05:15:00,19.614042007232474
F04,2025-01-01 05:15:00,23.934085112000677
F05,2025-01-01 05:15:00,24.50790638271093
F06,2025-01-01 05:15:00,23.906175246864372
F07,2025-01-01 05:15:00,27.546130894260614
F08,2025-01-01 05:15:00,24.94497043245007
F09,2025-01-01 05:15:00,23.56473387136466
F10,2025-01-01 05:15:00,23.684390047998452
F01,2025-01-01 05:30:00,20.966634418134298
F02,2025-01-01 05:30:00,22.589045073653587
F03,2025-01-01 05:30:00,19.56800937604123
F04,2025-01-01 05:30:00,23.99813974107721
F05,2025-01-01 05:30:00,23.624816883576766
F06,2025-01-01 05:30:00,23.38824555529954
F07,2025-01-01 05:30:00,27.183021902862425
F08,2025-01-01 05:30:00,24.703471027372334
F09,2025-01-01 05:30:00,24.673278303466887
F10,2025-01-01 05:30:00,24.22064148017774
F01,2025-01-01 05:45:00,20.411667397137823
F02,2025-01-01 05:45:00,23.84459813353017
F03,2025-01-01 05:45:00,19.61099975519992
F04,2025-01-01 05:45:00,23.557224962046167
F05,2025-01-01 05:45:00,23.96229028082007
F06,2025-01-01 05:45:00,23.992196058046808
F07,2025-01-01 05:45:00,26.851540647315908
F08,2025-01-01 05:45:00,24.516144366808486
F09,2025-01-01 05:45:00,23.980526084705236
F10,2025-01-01 05:45:00,24.51442728362625
F01,2025-01-01 06:00:00,22.752121475453148
F02,2025-01-01 06:00:00,25.249712570745277
F03,2025-01-01 06:00:00,22.946645075264904
F04,2025-01-01 06:00:00,26.40801284325518
F05,2025-01-01 06:00:00,26.402236412699498
F06,2025-01-01 06:00:00,27.363229703581144
F07,2025-01-01 06:00:00,30.135688326519197
F08,2025-01-01 06:00:00,27.4912264502794
F09,2025-01-01 06:00:00,27.706384176547314
F10,2025-01-01 06:00:00,27.043531481782594
F01,2025-01-01 06:15:00,23.669072460063557
F02,2025-01-01 06:15:00,25.01667164357913
F03,2025-01-01 06:15:00,22.77782586075174
F04,2025-01-01 06:15:00,26.475494364762014
F05,2025-01-01 06:15:00,26.191579808557254
F06,2025-01-01 06:15:00,27.20869112304403
F07,2025-01-01 06:15:00,30.220974364483435
F08,2025-01-01 06:15:00,27.61284932403065
F09,2025-01-01 06:15:00,26.866255054770676
F10,2025-01-01 06:15:00,27.10736765052667
F01,2025-01-01 06:30:00,22.79417777693326
F02,2025-01-01 06:30:00,26.18860495284085
F03,2025-01-01 06:30:00,22.452324922557793
F04,2025-01-01 06:30:00,26.249143784974894
F05,2025-01-01 06:30:00,26.65058351772345
F06,2025-01-01 06:30:00,26.52662706638204
F07,2025-01-01 06:30:00,30.029838578659195
F08,2025-01-01 06:30:00,28.57240734211073
F09,2025-01-01 06:30:00,26.84108563413838
F10,2025-01-01 06:30:00,27.232635431541592
F01,2025-01-01 06:45:00,23.034299248449138
F02,2025-01-01 06:45:00,25.67363378456874
F03,2025-01-01 06:45:00,22.30385231120513
F04,2025-01-01 06:45:00,26.769725683499974
F05,2025-01-01 06:45:00,26.175082968607608
F06,2025-01-01 06:45:00,26.887409835233605
F07,2025-01-01 06:45:00,29.792448936436845
F08,2025-01-01 06:45:00,27.858131192791607
F09,2025-01-01 06:45:00,26.699534579610813
F10,2025-01-01 06:45:00,27.103331911383567
F01,2025-01-01 07:00:00,27.68676851798871
F02,2025-01-01 07:00:00,29.76323268608631
F03,2025-01-01 07:00:00,27.479079542806584
F04,2025-01-01 07:00:00,31.368188911356885
F05,2025-01-01 07:00:00,31.013812716432607
F06,2025-01-01 07:00:00,32.73123543121919
F07,2025-01-01 07:00:00,35.83625043463687
F08,2025-01-01 07:00:00,32.42300271658208
F09,2025-01-01 07:00:00,32.47609011920768
F10,2025-01-01 07:00:00,32.89485985722452
F01,2025-01-01 07:15:00,27.56084733240985
F02,2025-01-01 07:15:00,28.987327646430053
F03,2025-01-01 07:15:00,27.33425621962725
F04,2025-01-01 07:15:00,31.233076715471583
F05,2025-01-01 07:15:00,31.07858059915814
F06,2025-01-01 07:15:00,32.67503186534145
F07,2025-01-01 07:15:00,35.96771127362931
F08,2025-01-01 07:15:00,32.60511266960632
F09,2025-01-01 07:15:00,32.131369548837675
F10,2025-01-01 07:15:00,32.16910361487964
F01,2025-01-01 07:30:00,27.986237629252322
F02,2025-01-01 07:30:00,29.106196620429525
F03,2025-01-01 07:30:00,26.00223880798136
F04,2025-01-01 07:30:00,31.51722188893615
F05,2025-01-01 07:30:00,30.18053216546466
F06,2025-01-01 07:30:00,32.38530249118725
F07,2025-01-01 07:30:00,34.53163954581937
F08,2025-01-01 07:30:00,31.81412312096643
F09,2025-01-01 07:30:00,32.049964604116475
F10,2025-01-01 07:30:00,31.959505010570734
F01,2025-01-01 07:45:00,26.66346064029875
F02,2025-01-01 07:45:00,30.450864913951765
F03,2025-01-01 07:45:00,27.449924206472122
F04,2025-01-01 07:45:00,30.964080671248105
F05,2025-01-01 07:45:00,31.21582843246785
F06,2025-01-01 07:45:00,32.03858821878834
F07,2025-01-01 07:45:00,35.598471192334486
F08,2025-01-01 07:45:00,31.759431043166174
F09,2025-01-01 07:45:00,32.2757024191531
F10,2025-01-01 07:45:00,32.92575829459248
F01,2025-01-01 08:00:00,30.383448415424017
F02,2025-01-01 08:00:00,32.00408661389435
F03,2025-01-01 08:00:00,28.951970063559962
F04,2025-01-01 08:00:00,35.2380314506301
F05,2025-01-01 08:00:00,35.5196659691783
F06,2025-01-01 08:00:00,35.53795202444652
F07,2025-01-01 08:00:00,39.37146071724324
F08,2025-01-01 08:00:00,35.63485858877711
F09,2025-01-01 08:00:00,36.46882099402206
F10,2025-01-01 08:00:00,36.40615495103403
F01,2025-01-01 08:15:00,29.02761975052968
F02,2025-01-01 08:15:00,32.008521546825214
F03,2025-01-01 08:15:00,30.150726926505122
F04,2025-01-01 08:15:00,34.135943767939835
F05,2025-01-01 08:15:00,34.98721532222733
F06,2025-01-01 08:15:00,35.67366062390935
F07,2025-01-01 08:15:00,38.28655206753859
F08,2025-01-01 08:15:00,36.377376895748185
F09,2025-01-01 08:15:00,36.30786070697273
F10,2025-01-01 08:15:00,35.928099398021494
F01,2025-01-01 08:30:00,29.55437319521283
F02,2025-01-01 08:30:00,32.76895324329688
F03,2025-01-01 08:30:00,30.361326444472198
F04,2025-01-01 08:30:00,35.2481509345057
F05,2025-01-01 08:30:00,35.00766891678522
F06,2025-01-01 08:30:00,35.31174661222803
F07,2025-01-01 08:30:00,38.10550416249083
F08,2025-01-01 08:30:00,35.7753835847324
F09,2025-01-01 08:30:00,35.39868728756084
F10,2025-01-01 08:30:00,36.493810158533805
F01,2025-01-01 08:45:00,29.70790032509302
F02,2025-01-01 08:45:00,31.79102731682775
F03,2025-01-01 08:45:00,28.828416919178146
F04,2025-01-01 08:45:00,34.37208363921257
F05,2025-01-01 08:45:00,34.621392992552124
F06,2025-01-01 08:45:00,36.24015925510973
F07,2025-01-01 08:45:00,38.93896753344858
F08,2025-01-01 08:45:00,35.56220923937497
F09,2025-01-01 08:45:00,35.87428970997012
F10,2025-01-01 08:45:00,35.91716292401913
F01,2025-01-01 09:00:00,27.893336045538653
F02,2025-01-01 09:00:00,30.84763847017925
F03,2025-01-01 09:00:00,29.923407296708284
F04,2025-01-01 09:00:00,33.33960239694627
F05,2025-01-01 09:00:00,34.223676240536896
F06,2025-01-01 09:00:00,34.489015606574625
F07,2025-01-01 09:00:00,38.856849451970604
F08,2025-01-01 09:00:00,35.33430666736312
F09,2025-01-01 09:00:00,33.88388126138051
F10,2025-01-01 09:00:00,35.086876249101195
F01,2025-01-01 09:15:00,29.08715659426778
F02,2025-01-01 09:15:00,31.307998848107292
F03,2025-01-01 09:15:00,27.860752377096404
F04,2025-01-01 09:15:00,34.10389438888017
F05,2025-01-01 09:15:00,34.17635507013449
F06,2025-01-01 09:15:00,34.65940235966317
F07,2025-01-01 09:15:00,37.70694768514329
F08,2025-01-01 09:15:00,34.74897687677435
F09,2025-01-01 09:15:00,34.34580905921501
F10,2025-01-01 09:15:00,34.696604177562016
F01,2025-01-01 09:30:00,30.140758055864175
F02,2025-01-01 09:30:00,30.798933583554366
F03,2025-01-01 09:30:00,28.690136630032463
F04,2025-01-01 09:30:00,34.11013726029618
F05,2025-01-01 09:30:00,34.2653349635228
F06,2025-01-01 09:30:00,34.83665722658299
F07,2025-01-01 09:30:00,38.686830252893664
F08,2025-01-01 09:30:00,34.80731168351039
F09,2025-01-01 09:30:00,34.98439739937734
F10,2025-01-01 09:30:00,34.90018377576869
F01,2025-01-01 09:45:00,28.60896559889305
F02,2025-01-01 09:45:00,31.187632440268445
F03,2025-01-01 09:45:00,29.093136978233314
F04,2025-01-01 09:45:00,34.44576862245524
F05,2025-01-01 09:45:00,34.118115616444456
F06,2025-01-01 09:45:00,34.54630240876331
F07,2025-01-01 09:45:00,37.6572185808034
F08,2025-01-01 09:45:00,35.09509245111133
F09,2025-01-01 09:45:00,35.19942867332558
F10,2025-01-01 09:45:00,34.547168174840884
F01,2025-01-01 10:00:00,25.21737061872521
F02,2025-01-01 10:00:00,29.59587286533161
F03,2025-01-01 10:00:00,24.54223993002307
F04,2025-01-01 10:00:00,30.687528333499387
F05,2025-01-01 10:00:00,30.10186067606353
F06,2025-01-01 10:00:00,30.749649162736066
F07,2025-01-01 10:00:00,34.52368564562867
F08,2025-01-01 10:00:00,31.33670809854663
F09,2025-01-01 10:00:00,31.2676812720634
F10,2025-01-01 10:00:00,31.68409897230574
F01,2025-01-01 10:15:00,26.032593577460563
F02,2025-01-01 10:15:00,30.864254126055464
F03,2025-01-01 10:15:00,26.228912678535096
F04,2025-01-01 10:15:00,30.371534045362154
F05,2025-01-01 10:15:00,33.34443559967246
F06,2025-01-01 10:15:00,31.819036929220022
F07,2025-01-01 10:15:00,34.06762917097576
F08,2025-01-01 10:15:00,32.053183931058875
F09,2025-01-01 10:15:00,30.973240473296794
F10,2025-01-01 10:15:00,30.422522788543404
F01,2025-01-01 10:30:00,26.238822717820742
F02,2025-01-01 10:30:00,29.83611327947138
F03,2025-01-01 10:30:00,26.177166637767655
F04,2025-01-01 10:30:00,30.542321471085078
F05,2025-01-01 10:30:00,32.54061453306311
F06,2025-01-01 10:30:00,30.97710600627633
F07,2025-01-01 10:30:00,34.52174949979469
F08,2025-01-01 10:30:00,32.801955616958914
F09,2025-01-01 10:30:00,30.538870554332103
F10,2025-01-01 10:30:00,30.713456920884266
F01,2025-01-01 10:45:00,26.23755609211088
F02,2025-01-01 10:45:00,31.707141690516696
F03,2025-01-01 10:45:00,25.09275325235788
F04,2025-01-01 10:45:00,30.30216140032333
F05,2025-01-01 10:45:00,32.44264991515929
F06,2025-01-01 10:45:00,31.15826178573876
F07,2025-01-01 10:45:00,34.20705201008998
F08,2025-01-01 10:45:00,32.390703572136495
F09,2025-01-01 10:45:00,30.6482676432044
F10,2025-01-01 10:45:00,30.934874091502255
F01,2025-01-01 11:00:00,23.3563487200517
F02,2025-01-01 11:00:00,29.838174180676646
F03,2025-01-01 11:00:00,21.908117465374715
F04,2025-01-01 11:00:00,27.58604549901528
F05,2025-01-01 11:00:00,29.499466621646878
F06,2025-01-01 11:00:00,29.10398432910617
F07,2025-01-01 11:00:00,30.49123559048333
F08,2025-01-01 11:00:00,29.55833187719893
F09,2025-01-01 11:00:00,27.788704130349412
F10,2025-01-01 11:00:00,27.718830951146092
F01,2025-01-01 11:15:00,23.976127936219875
F02,2025-01-01 11:15:00,27.310868279590103
F03,2025-01-01 11:15:00,23.287265034354963
F04,2025-01-01 11:15:00,26.852930781269578
F05,2025-01-01 11:15:00,28.582444753107275
F06,2025-01-01 11:15:00,27.72135642944091
F07,2025-01-01 11:15:00,30.787088917391074
F08,2025-01-01 11:15:00,29.77675849504414
F09,2025-01-01 11:15:00,27.299375840181433
F10,2025-01-01 11:15:00,28.24785992948192
F01,2025-01-01 11:30:00,23.807358098668377
F02,2025-01-01 11:30:00,25.667913495326122
F03,2025-01-01 11:30:00,22.71993265828709
F04,2025-01-01 11:30:00,27.79125662200715
F05,2025-01-01 11:30:00,30.082425628372345
F06,2025-01-01 11:30:00,29.180102056279942
F07,2025-01-01 11:30:00,30.34627387706105
F08,2025-01-01 11:30:00,30.011329313311798
F09,2025-01-01 11:30:00,27.616141198825243
F10,2025-01-01 11:30:00,27.6719333237435
F01,2025-01-01 11:45:00,24.317388269374636
F02,2025-01-01 11:45:00,27.661221162609827
F03,2025-01-01 11:45:00,22.74148034927606
F04,2025-01-01 11:45:00,27.425597022605352
F05,2025-01-01 11:45:00,28.972821009578272
F06,2025-01-01 11:45:00,30.567990098882476
F07,2025-01-01 11:45:00,31.044745501492145
F08,2025-01-01 11:45:00,30.32155384858094
F09,2025-01-01 11:45:00,27.772481387835775
F10,2025-01-01 11:45:00,27.632630634749347
F01,2025-01-01 12:00:00,21.778608460448822
F02,2025-01-01 12:00:00,24.616986728192362
F03,2025-01-01 12:00:00,21.268030776660193
F04,2025-01-01 12:00:00,26.110629131161694
F05,2025-01-01 12:00:00,27.063269133461684
F06,2025-01-01 12:00:00,28.538706716582137
F07,2025-01-01 12:00:00,28.986805680386734
F08,2025-01-01 12:00:00,26.964724160934352
F09,2025-01-01 12:00:00,25.656525570704314
F10,2025-01-01 12:00:00,25.898423430498802
F01,2025-01-01 12:15:00,21.63003566315704
F02,2025-01-01 12:15:00,25.609317736393127
F03,2025-01-01 12:15:00,20.64051830890744
F04,2025-01-01 12:15:00,25.28747056745168
F05,2025-01-01 12:15:00,27.256633347597976
F06,2025-01-01 12:15:00,28.281564168029902
F07,2025-01-01 12:15:00,28.667703483726843
F08,2025-01-01 12:15:00,27.14330331689382
F09,2025-01-01 12:15:00,25.342667168284663
F10,2025-01-01 12:15:00,26.47077741967584
F01,2025-01-01 12:30:00,21.28842405230546
F02,2025-01-01 12:30:00,26.165988500578113
F03,2025-01-01 12:30:00,21.261263075245566
F04,2025-01-01 12:30:00,26.121690389666544
F05,2025-01-01 12:30:00,26.7691001972144
F06,2025-01-01 12:30:00,27.153745334169354
F07,2025-01-01 12:30:00,28.677493097753903
F08,2025-01-01 12:30:00,27.724278530059816
F09,2025-01-01 12:30:00,25.818694425166726
F10,2025-01-01 12:30:00,25.87264622527955
F01,2025-01-01 12:45:00,22.33975063670024
F02,2025-01-01 12:45:00,27.33056463914774
F03,2025-01-01 12:45:00,21.297098945161384
F04,2025-01-01 12:45:00,25.362252912973258
F05,2025-01-01 12:45:00,27.814595674257895
F06,2025-01-01 12:45:00,27.14818553919437
F07,2025-01-01 12:45:00,28.707501689350494
F08,2025-01-01 12:45:00,25.992398952412227
F09,2025-01-01 12:45:00,25.33940200856136
F10,2025-01-01 12:45:00,26.258237148867803
F01,2025-01-01 13:00:00,22.13054514635033
F02,2025-01-01 13:00:00,26.88541838481131
F03,2025-01-01 13:00:00,20.581569195128022
F04,2025-01-01 13:00:00,23.993887805843062
F05,2025-01-01 13:00:00,26.12365105237627
F06,2025-01-01 13:00:00,26.653195058145318
F07,2025-01-01 13:00:00,28.62864708303906
F08,2025-01-01 13:00:00,25.896909604075173
F09,2025-01-01 13:00:00,25.520265822485193
F10,2025-01-01 13:00:00,25.103655660491302
F01,2025-01-01 13:15:00,21.90413718449002
F02,2025-01-01 13:15:00,26.1051091095807
F03,2025-01-01 13:15:00,20.039755368875838
F04,2025-01-01 13:15:00,24.40355839859621
F05,2025-01-01 13:15:00,26.53560938794033
F06,2025-01-01 13:15:00,28.05126254143338
F07,2025-01-01 13:15:00,28.681700792116946
F08,2025-01-01 13:15:00,26.970941457383685
F09,2025-01-01 13:15:00,24.859364069241487
F10,2025-01-01 13:15:00,25.147402262638362
F01,2025-01-01 13:30:00,21.39338923122887
F02,2025-01-01 13:30:00,25.03057727871319
F03,2025-01-01 13:30:00,19.718766199747076
F04,2025-01-01 13:30:00,24.622409082933796
F05,2025-01-01 13:30:00,26.177502689361496
F06,2025-01-01 13:30:00,27.940330449331782
F07,2025-01-01 13:30:00,28.514541918689524
F08,2025-01-01 13:30:00,25.38177802085514
F09,2025-01-01 13:30:00,25.227473628836165
F10,2025-01-01 13:30:00,25.353976942017717
F01,2025-01-01 13:45:00,21.61327207022526
F02,2025-01-01 13:45:00,24.669602703807005
F03,2025-01-01 13:45:00,20.877752914642436
F04,2025-01-01 13:45:00,24.109398484262098
F05,2025-01-01 13:45:00,26.037347544255567
F06,2025-01-01 13:45:00,25.372205122117354
F07,2025-01-01 13:45:00,27.945195882751374
F08,2025-01-01 13:45:00,26.460299610204153
F09,2025-01-01 13:45:00,25.385928190080772
F10,2025-01-01 13:45:00,24.80823362912959
F01,2025-01-01 14:00:00,21.721596440436763
F02,2025-01-01 14:00:00,26.142606838072524
F03,2025-01-01 14:00:00,20.97826521002636
F04,2025-01-01 14:00:00,25.668345803998644
F05,2025-01-01 14:00:00,27.741292796443158
F06,2025-01-01 14:00:00,27.995743451605858
F07,2025-01-01 14:00:00,28.05222178725958
F08,2025-01-01 14:00:00,26.773799154157334
F09,2025-01-01 14:00:00,25.885937726712108
F10,2025-01-01 14:00:00,26.41691132188049
F01,2025-01-01 14:15:00,21.62106830062139
F02,2025-01-01 14:15:00,25.880522101016773
F03,2025-01-01 14:15:00,22.01260362547863
F04,2025-01-01 14:15:00,25.288232703745788
F05,2025-01-01 14:15:00,27.725527664323266
F06,2025-01-01 14:15:00,26.571708399033817
F07,2025-01-01 14:15:00,28.545182069130036
F08,2025-01-01 14:15:00,27.98650847132187
F09,2025-01-01 14:15:00,25.296943378156826
F10,2025-01-01 14:15:00,25.83887217343376
F01,2025-01-01 14:30:00,22.67844644438239
F02,2025-01-01 14:30:00,25.357136347950185
F03,2025-01-01 14:30:00,21.726960597336493
F04,2025-01-01 14:30:00,24.93246110256189
F05,2025-01-01 14:30:00,27.519695676209544
F06,2025-01-01 14:30:00,28.89195232172267
F07,2025-01-01 14:30:00,28.301331732364194
F08,2025-01-01 14:30:00,26.82803232651553
F09,2025-01-01 14:30:00,25.718498564327334
F10,2025-01-01 14:30:00,25.590831900689324
F01,2025-01-01 14:45:00,22.32510739255563
F02,2025-01-01 14:45:00,24.89927503784027
F03,2025-01-01 14:45:00,21.933399276070613
F04,2025-01-01 14:45:00,25.553568236462905
F05,2025-01-01 14:45:00,26.952464993862513
F06,2025-01-01 14:45:00,26.229331686525143
F07,2025-01-01 14:45:00,28.622661711927385
F08,2025-01-01 14:45:00,26.954386777063007
F09,2025-01-01 14:45:00,26.343938078073982
F10,2025-01-01 14:45:00,26.48795791707682
F01,2025-01-01 15:00:00,24.836334800199552
F02,2025-01-01 15:00:00,27.824263872294804
F03,2025-01-01 15:00:00,22.696972343831042
F04,2025-01-01 15:00:00,26.434733931226816
F05,2025-01-01 15:00:00,28.456541534547
F06,2025-01-01 15:00:00,28.801697053160005
F07,2025-01-01 15:00:00,30.919901416266892
F08,2025-01-01 15:00:00,28.76299808244493
F09,2025-01-01 15:00:00,27.51688514236112
F10,2025-01-01 15:00:00,28.117816573423006
F01,2025-01-01 15:15:00,24.13682094317442
F02,2025-01-01 15:15:00,27.189435796997085
F03,2025-01-01 15:15:00,22.240550682486617
F04,2025-01-01 15:15:00,27.2133238205854
F05,2025-01-01 15:15:00,29.3511701384082
F06,2025-01-01 15:15:00,30.429648014319877
F07,2025-01-01 15:15:00,31.425593302354052
F08,2025-01-01 15:15:00,28.865250340423174
F09,2025-01-01 15:15:00,27.80040850860477
F10,2025-01-01 15:15:00,28.318399974755035
F01,2025-01-01 15:30:00,24.057094043662783
F02,2025-01-01 15:30:00,27.63665506016652
F03,2025-01-01 15:30:00,22.92851581201504
F04,2025-01-01 15:30:00,27.05320658442099
F05,2025-01-01 15:30:00,29.41473476589646
F06,2025-01-01 15:30:00,28.599167334986074
F07,2025-01-01 15:30:00,30.40746388732539
F08,2025-01-01 15:30:00,28.82672935063456
F09,2025-01-01 15:30:00,28.361625232525643
F10,2025-01-01 15:30:00,28.435718804318796
F01,2025-01-01 15:45:00,23.813043860742706
F02,2025-01-01 15:45:00,29.26052310097153
F03,2025-01-01 15:45:00,22.65625159877031
F04,2025-01-01 15:45:00,26.88974450225946
F05,2025-01-01 15:45:00,30.844458567505942
F06,2025-01-01 15:45:00,30.76754245757748
F07,2025-01-01 15:45:00,30.790148796415767
F08,2025-01-01 15:45:00,28.5565246864241
F09,2025-01-01 15:45:00,28.077664697027135
F10,2025-01-01 15:45:00,27.703335459511727
F01,2025-01-01 16:00:00,25.293171017275117
F02,2025-01-01 16:00:00,31.745930088849672
F03,2025-01-01 16:00:00,25.13174544516473
F04,2025-01-01 16:00:00,30.726688643584836
F05,2025-01-01 16:00:00,31.785384734870654
F06,2025-01-01 16:00:00,32.46826214929542
F07,2025-01-01 16:00:00,34.223894610398574
F08,2025-01-01 16:00:00,31.84350257248223
F09,2025-01-01 16:00:00,30.684571537166267
F10,2025-01-01 16:00:00,30.904805819295923
F01,2025-01-01 16:15:00,25.77610752175761
F02,2025-01-01 16:15:00,29.85725292569443
F03,2025-01-01 16:15:00,24.85346892529771
F04,2025-01-01 16:15:00,30.260377002134565
F05,2025-01-01 16:15:00,32.19459192642432
F06,2025-01-01 16:15:00,32.46049661339285
F07,2025-01-01 16:15:00,33.632396227629606
F08,2025-01-01 16:15:00,32.232486697741436
F09,2025-01-01 16:15:00,30.790713969799846
F10,2025-01-01 16:15:00,30.710809944455473
F01,2025-01-01 16:30:00,26.527914838812165
F02,2025-01-01 16:30:00,32.67085782586264
F03,2025-01-01 16:30:00,25.339628516268704
F04,2025-01-01 16:30:00,29.686289027283554
F05,2025-01-01 16:30:00,33.11978561217986
F06,2025-01-01 16:30:00,31.410538975485178
F07,2025-01-01 16:30:00,33.915470181047894
F08,2025-01-01 16:30:00,33.13093024903935
F09,2025-01-01 16:30:00,31.062274542761514
F10,2025-01-01 16:30:00,31.028934059134794
F01,2025-01-01 16:45:00,25.62433387200813
F02,2025-01-01 16:45:00,31.006451394186417
F03,2025-01-01 16:45:00,26.503373598328313
F04,2025-01-01 16:45:00,31.349203265787864
F05,2025-01-01 16:45:00,33.01660994033929
F06,2025-01-01 16:45:00,31.908278471246298
F07,2025-01-01 16:45:00,33.654534026029545
F08,2025-01-01 16:45:00,32.58057514592087
F09,2025-01-01 16:45:00,30.794088433417002
F10,2025-01-01 16:45:00,31.427261588904774
F01,2025-01-01 17:00:00,28.578427757491887
F02,2025-01-01 17:00:00,31.460201077038967
F03,2025-01-01 17:00:00,28.620163927551108
F04,2025-01-01 17:00:00,33.516059043624466
F05,2025-01-01 17:00:00,34.93485567347053
F06,2025-01-01 17:00:00,37.16447698319515
F07,2025-01-01 17:00:00,37.296808531258215
F08,2025-01-01 17:00:00,36.6064168115437
F09,2025-01-01 17:00:00,34.69850968236245
F10,2025-01-01 17:00:00,35.23283518828649
F01,2025-01-01 17:15:00,29.138186749895127
F02,2025-01-01 17:15:00,31.481979508156847
F03,2025-01-01 17:15:00,30.07838268506098
F04,2025-01-01 17:15:00,33.68978202677967
F05,2025-01-01 17:15:00,36.30671357923082
F06,2025-01-01 17:15:00,37.916093119780044
F07,2025-01-01 17:15:00,37.65279984835399
F08,2025-01-01 17:15:00,36.17365034414672
F09,2025-01-01 17:15:00,34.66232540364962
F10,2025-01-01 17:15:00,35.25008889119132
F01,2025-01-01 17:30:00,30.722933480244254
F02,2025-01-01 17:30:00,33.89623924969997
F03,2025-01-01 17:30:00,28.43472406966514
F04,2025-01-01 17:30:00,34.02270152168543
F05,2025-01-01 17:30:00,36.97034432184245
F06,2025-01-01 17:30:00,38.49783135169039
F07,2025-01-01 17:30:00,37.80643963032135
F08,2025-01-01 17:30:00,37.52575307125273
F09,2025-01-01 17:30:00,35.27176603861452
F10,2025-01-01 17:30:00,34.526790739271284
F01,2025-01-01 17:45:00,28.661924918402953
F02,2025-01-01 17:45:00,34.451951682961976
F03,2025-01-01 17:45:00,29.157350482630772
F04,2025-01-01 17:45:00,34.19838768479118
F05,2025-01-01 17:45:00,37.37091910255572
F06,2025-01-01 17:45:00,38.74301096540151
F07,2025-01-01 17:45:00,37.71339739579318
F08,2025-01-01 17:45:00,37.35799768255695
F09,2025-01-01 17:45:00,34.038919204435125
F10,2025-01-01 17:45:00,34.080149361898634
F01,2025-01-01 18:00:00,31.650974634979182
F02,2025-01-01 18:00:00,35.63560058022642
F03,2025-01-01 18:00:00,33.25384101380161
F04,2025-01-01 18:00:00,37.19339796284925
F05,2025-01-01 18:00:00,40.2556799005705
F06,2025-01-01 18:00:00,41.66978469824112
F07,2025-01-01 18:00:00,40.67262487299619
F08,2025-01-01 18:00:00,40.06865441075325
F09,2025-01-01 18:00:00,38.01551748196583
F10,2025-01-01 18:00:00,39.16044706746938
F01,2025-01-01 18:15:00,32.82653352417296
F02,2025-01-01 18:15:00,35.1355269758467
F03,2025-01-01 18:15:00,31.591101701451084
F04,2025-01-01 18:15:00,36.648003666416244
F05,2025-01-01 18:15:00,39.2321624506333
F06,2025-01-01 18:15:00,42.025003144655024
F07,2025-01-01 18:15:00,41.380372901759635
F08,2025-01-01 18:15:00,39.009533514316786
F09,2025-01-01 18:15:00,38.1718824502622
F10,2025-01-01 18:15:00,37.76455813457297
F01,2025-01-01 18:30:00,32.839869069807065
F02,2025-01-01 18:30:00,38.296892540205725
F03,2025-01-01 18:30:00,32.48670072973799
F04,2025-01-01 18:30:00,36.84877504741928
F05,2025-01-01 18:30:00,40.00245925540787
F06,2025-01-01 18:30:00,39.6294277124838
F07,2025-01-01 18:30:00,41.10540369580202
F08,2025-01-01 18:30:00,40.19519353627047
F09,2025-01-01 18:30:00,38.660133418901225
F10,2025-01-01 18:30:00,38.75839206947779
F01,2025-01-01 18:45:00,32.26515357616532
F02,2025-01-01 18:45:00,34.74759198833515
F03,2025-01-01 18:45:00,32.16613099923721
F04,2025-01-01 18:45:00,37.30253263678254
F05,2025-01-01 18:45:00,41.23527002545185
F06,2025-01-01 18:45:00,39.09869327758019
F07,2025-01-01 18:45:00,42.0644790308528
F08,2025-01-01 18:45:00,39.633184824958185
F09,2025-01-01 18:45:00,39.386494405677645
F10,2025-01-01 18:45:00,39.28628886415526
F01,2025-01-01 19:00:00,35.09036100206663
F02,2025-01-01 19:00:00,39.15428846847585
F03,2025-01-01 19:00:00,35.6196941623545
F04,2025-01-01 19:00:00,39.60749995057254
F05,2025-01-01 19:00:00,44.92952954493706
F06,2025-01-01 19:00:00,43.908559275217286
F07,2025-01-01 19:00:00,44.71225106372261
F08,2025-01-01 19:00:00,42.92199848581838
F09,2025-01-01 19:00:00,40.97793209446867
F10,2025-01-01 19:00:00,41.25145363919379
F01,2025-01-01 19:15:00,34.297807455578656
F02,2025-01-01 19:15:00,38.63868938447318
F03,2025-01-01 19:15:00,32.54736641847345
F04,2025-01-01 19:15:00,39.63384418496445
F05,2025-01-01 19:15:00,41.95456612358374
F06,2025-01-01 19:15:00,44.403340592448515
F07,2025-01-01 19:15:00,44.31259067234772
F08,2025-01-01 19:15:00,40.86233492684637
F09,2025-01-01 19:15:00,41.17065332785218
F10,2025-01-01 19:15:00,40.91885693123304
F01,2025-01-01 19:30:00,33.2448874940813
F02,2025-01-01 19:30:00,37.52321111100199
F03,2025-01-01 19:30:00,34.78910293525788
F04,2025-01-01 19:30:00,39.85870492400631
F05,2025-01-01 19:30:00,43.5679610311751
F06,2025-01-01 19:30:00,43.40520717614966
F07,2025-01-01 19:30:00,44.46931641753603
F08,2025-01-01 19:30:00,42.439112514149095
F09,2025-01-01 19:30:00,41.07076109224769
F10,2025-01-01 19:30:00,41.63671651095888
F01,2025-01-01 19:45:00,33.37513701542184
F02,2025-01-01 19:45:00,37.15852227145793
F03,2025-01-01 19:45:00,34.91841204051439
F04,2025-01-01 19:45:00,40.07105850690021
F05,2025-01-01 19:45:00,41.84874148870425
F06,2025-01-01 19:45:00,42.11910829368937
F07,2025-01-01 19:45:00,44.010892510738756
F08,2025-01-01 19:45:00,41.62235953880848
F09,2025-01-01 19:45:00,41.5800862018736
F10,2025-01-01 19:45:00,41.82544022391991
F01,2025-01-01 20:00:00,34.506924543332694
F02,2025-01-01 20:00:00,40.652260677222806
F03,2025-01-01 20:00:00,35.501665428545714
F04,2025-01-01 20:00:00,40.819343919533665
F05,2025-01-01 20:00:00,45.04901360471417
F06,2025-01-01 20:00:00,43.143598880758574
F07,2025-01-01 20:00:00,44.51849497225513
F08,2025-01-01 20:00:00,43.70528922079328
F09,2025-01-01 20:00:00,42.188046448121284
F10,2025-01-01 20:00:00,41.467020245523095
F01,2025-01-01 20:15:00,36.223772393768634
F02,2025-01-01 20:15:00,37.954459224598594
F03,2025-01-01 20:15:00,34.734934758519934
F04,2025-01-01 20:15:00,40.17879890480117
F05,2025-01-01 20:15:00,42.604116289004814
F06,2025-01-01 20:15:00,41.965008834761974
F07,2025-01-01 20:15:00,44.75073343089925
F08,2025-01-01 20:15:00,42.03935274819936
F09,2025-01-01 20:15:00,42.40821916180596
F10,2025-01-01 20:15:00,40.688178273716744
F01,2025-01-01 20:30:00,35.2965498148998
F02,2025-01-01 20:30:00,36.34134598581083
F03,2025-01-01 20:30:00,35.521721480986464
F04,2025-01-01 20:30:00,39.938472399927846
F05,2025-01-01 20:30:00,44.925898709150665
F06,2025-01-01 20:30:00,44.71887465290847
F07,2025-01-01 20:30:00,44.4977089195542
F08,2025-01-01 20:30:00,41.95762239130019
F09,2025-01-01 20:30:00,42.04921225676972
F10,2025-01-01 20:30:00,41.29558413389902
F01,2025-01-01 20:45:00,34.04825573663618
F02,2025-01-01 20:45:00,39.22415921175592
F03,2025-01-01 20:45:00,34.028027605404816
F04,2025-01-01 20:45:00,40.58935088330407
F05,2025-01-01 20:45:00,44.013414646483604
F06,2025-01-01 20:45:00,46.05301551938075
F07,2025-01-01 20:45:00,43.57670130389566
F08,2025-01-01 20:45:00,43.20471320585003
F09,2025-01-01 20:45:00,41.476224392030446
F10,2025-01-01 20:45:00,41.29159243302705
F01,2025-01-01 21:00:00,35.18405698731365
F02,2025-01-01 21:00:00,38.669192038741016
F03,2025-01-01 21:00:00,33.04180920877117
F04,2025-01-01 21:00:00,38.204345417888106
F05,2025-01-01 21:00:00,44.05566110113824
F06,2025-01-01 21:00:00,40.4791796354176
F07,2025-01-01 21:00:00,42.73680731698554
F08,2025-01-01 21:00:00,40.697251089985315
F09,2025-01-01 21:00:00,40.463557902189656
F10,2025-01-01 21:00:00,40.05123714980694
F01,2025-01-01 21:15:00,33.12772446582196
F02,2025-01-01 21:15:00,38.05666299362608
F03,2025-01-01 21:15:00,31.0894273646828
F04,2025-01-01 21:15:00,38.697384514721676
F05,2025-01-01 21:15:00,42.7016914508372
F06,2025-01-01 21:15:00,41.56673442687583
F07,2025-01-01 21:15:00,42.715087161285346
F08,2025-01-01 21:15:00,40.30386099146765
F09,2025-01-01 21:15:00,40.45804806092283
F10,2025-01-01 21:15:00,39.21049040371304
F01,2025-01-01 21:30:00,33.70866757895224
F02,2025-01-01 21:30:00,37.03378498379356
F03,2025-01-01 21:30:00,32.888516627009416
F04,2025-01-01 21:30:00,38.85906306106501
F05,2025-01-01 21:30:00,42.311197816373394
F06,2025-01-01 21:30:00,42.66975261552039
F07,2025-01-01 21:30:00,43.05701853759896
F08,2025-01-01 21:30:00,40.63473514176422
F09,2025-01-01 21:30:00,39.74924981684117
F10,2025-01-01 21:30:00,39.30571133712745
F01,2025-01-01 21:45:00,34.30436446145456
F02,2025-01-01 21:45:00,39.691236609279194
F03,2025-01-01 21:45:00,33.11451526392657
F04,2025-01-01 21:45:00,37.880032945426855
F05,2025-01-01 21:45:00,42.261565155613624
F06,2025-01-01 21:45:00,43.14252566971571
F07,2025-01-01 21:45:00,43.060178992572986
F08,2025-01-01 21:45:00,40.602762936711905
F09,2025-01-01 21:45:00,40.25090732048902
F10,2025-01-01 21:45:00,40.664847261919135
F01,2025-01-01 22:00:00,30.842715368231275
F02,2025-01-01 22:00:00,34.722010328371596
F03,2025-01-01 22:00:00,31.019909413544227
F04,2025-01-01 22:00:00,35.895666468882524
F05,2025-01-01 22:00:00,38.65492914670451
F06,2025-01-01 22:00:00,41.359709305474304
F07,2025-01-01 22:00:00,39.88658203551261
F08,2025-01-01 22:00:00,39.47266384537885
F09,2025-01-01 22:00:00,36.61888235407517
F10,2025-01-01 22:00:00,35.6676990370563
F01,2025-01-01 22:15:00,30.922737718674647
F02,2025-01-01 22:15:00,34.03917246666329
F03,2025-01-01 22:15:00,31.981922945688204
F04,2025-01-01 22:15:00,36.427209857701875
F05,2025-01-01 22:15:00,39.84072396854093
F06,2025-01-01 22:15:00,36.712854805998056
F07,2025-01-01 22:15:00,40.178501974711565
F08,2025-01-01 22:15:00,37.3780229934893
F09,2025-01-01 22:15:00,37.27277315530642
F10,2025-01-01 22:15:00,36.608425501744655
F01,2025-01-01 22:30:00,32.177826632444344
F02,2025-01-01 22:30:00,37.84195491064251
F03,2025-01-01 22:30:00,32.063564299073164
F04,2025-01-01 22:30:00,35.67923271889848
F05,2025-01-01 22:30:00,38.95043517547374
F06,2025-01-01 22:30:00,38.948295323564885
F07,2025-01-01 22:30:00,39.57699404501833
F08,2025-01-01 22:30:00,38.75001187231947
F09,2025-01-01 22:30:00,36.579852930960875
F10,2025-01-01 22:30:00,37.17213727163244
F01,2025-01-01 22:45:00,31.034996072558858
F02,2025-01-01 22:45:00,34.78399037714721
F03,2025-01-01 22:45:00,30.52168073650813
F04,2025-01-01 22:45:00,35.73007899799672
F05,2025-01-01 22:45:00,38.60702327143305
F06,2025-01-01 22:45:00,38.36251107089898
F07,2025-01-01 22:45:00,39.87193468377567
F08,2025-01-01 22:45:00,38.69490365248316
F09,2025-01-01 22:45:00,37.02518949893155
F10,2025-01-01 22:45:00,37.54430252276761
F01,2025-01-01 23:00:00,29.568425061588297
F02,2025-01-01 23:00:00,30.919777908134357
F03,2025-01-01 23:00:00,28.677314500300557
F04,2025-01-01 23:00:00,31.797457208686275
F05,2025-01-01 23:00:00,35.72053060988848
F06,2025-01-01 23:00:00,36.571356627641954
F07,2025-01-01 23:00:00,36.25131841742986
F08,2025-01-01 23:00:00,34.26435007960861
F09,2025-01-01 23:00:00,33.061515111279306
F10,2025-01-01 23:00:00,33.736352035204085
F01,2025-01-01 23:15:00,28.95785278519972
F02,2025-01-01 23:15:00,33.49525979641614
F03,2025-01-01 23:15:00,27.913827289469072
F04,2025-01-01 23:15:00,31.677550055809583
F05,2025-01-01 23:15:00,34.41746569730636
F06,2025-01-01 23:15:00,35.022938814594795
F07,2025-01-01 23:15:00,35.610183527006065
F08,2025-01-01 23:15:00,34.880788489797624
F09,2025-01-01 23:15:00,33.44262536337953
F10,2025-01-01 23:15:00,33.24492270806621
F01,2025-01-01 23:30:00,28.71129280944914
F02,2025-01-01 23:30:00,31.240841431996298
F03,2025-01-01 23:30:00,27.639807537212278
F04,2025-01-01 23:30:00,32.40126593103225
F05,2025-01-01 23:30:00,33.979467585993156
F06,2025-01-01 23:30:00,34.47990882345797
F07,2025-01-01 23:30:00,36.077125034331594
F08,2025-01-01 23:30:00,34.87158807346368
F09,2025-01-01 23:30:00,33.98758147080568
F10,2025-01-01 23:30:00,33.15865848429378
F01,2025-01-01 23:45:00,29.192706293301185
F02,2025-01-01 23:45:00,33.081457492532884
F03,2025-01-01 23:45:00,27.524318013168546
F04,2025-01-01 23:45:00,32.446320906330655
F05,2025-01-01 23:45:00,36.65141051199529
F06,2025-01-01 23:45:00,36.50779775960359
F07,2025-01-01 23:45:00,36.53531606339141
F08,2025-01-01 23:45:00,34.31885111594625
F09,2025-01-01 23:45:00,33.288648785219074
F10,2025-01-01 23:45:00,32.71895359217773
F01,2025-01-02 00:00:00,19.991799508224638
F02,2025-01-02 00:00:00,22.829875244510216
F03,2025-01-02 00:00:00,18.431055164231662
F04,2025-01-02 00:00:00,22.757444386473242
F05,2025-01-02 00:00:00,23.119531249198783
F06,2025-01-02 00:00:00,22.79723880701599
F07,2025-01-02 00:00:00,25.737719739234976
F08,2025-01-02 00:00:00,24.036945132750652
F09,2025-01-02 00:00:00,23.08648582725409
F10,2025-01-02 00:00:00,23.89962768547052
F01,2025-01-02 00:15:00,19.51432605253023
F02,2025-01-02 00:15:00,21.201324859579387
F03,2025-01-02 00:15:00,20.102767627063265
F04,2025-01-02 00:15:00,22.97119980756615
F05,2025-01-02 00:15:00,22.464760724104778
F06,2025-01-02 00:15:00,23.03240694903359
F07,2025-01-02 00:15:00,26.115613159561967
F08,2025-01-02 00:15:00,23.548037734344874
F09,2025-01-02 00:15:00,22.533878798781842
F10,2025-01-02 00:15:00,23.94432668665146
F01,2025-01-02 00:30:00,20.42116740761347
F02,2025-01-02 00:30:00,21.13761389561541
F03,2025-01-02 00:30:00,19.113535756522076
F04,2025-01-02 00:30:00,23.00542776618934
F05,2025-01-02 00:30:00,22.854082416449103
F06,2025-01-02 00:30:00,23.39812640196001
F07,2025-01-02 00:30:00,26.53705278389357
F08,2025-01-02 00:30:00,23.366411426849417
F09,2025-01-02 00:30:00,23.553342170264653
F10,2025-01-02 00:30:00,23.34284527962753
F01,2025-01-02 00:45:00,20.17874802520422
F02,2025-01-02 00:45:00,22.48320428529298
F03,2025-01-02 00:45:00,19.82022104488693
F04,2025-01-02 00:45:00,23.160959079485668
F05,2025-01-02 00:45:00,22.71363739421999
F06,2025-01-02 00:45:00,22.50439627624284
F07,2025-01-02 00:45:00,25.356997503100427
F08,2025-01-02 00:45:00,24.068993693398607
F09,2025-01-02 00:45:00,23.054698634532123
