feeder_id,locality,timestamp,predicted_kwh,actual_kwh,risk_level,baseline_kwh
F01,Jayanagar,2025-03-17 00:00:00,81.9091567993164,82.81678080093204,LOW,95.8759498374898
F01,Jayanagar,2025-03-17 01:00:00,82.07772064208984,81.31407126568064,LOW,96.10107695667115
F01,Jayanagar,2025-03-17 02:00:00,81.47582244873047,81.900086939229,LOW,95.82731990519605
F01,Jayanagar,2025-03-17 03:00:00,81.38880920410156,81.6094971391097,LOW,96.1577383799316
F01,Jayanagar,2025-03-17 04:00:00,82.71986389160156,83.6873574675305,LOW,97.00944169992802
F01,Jayanagar,2025-03-17 05:00:00,85.05523681640625,85.92070311555526,LOW,101.19680248926456
F01,Jayanagar,2025-03-17 06:00:00,96.25161743164062,95.8777766250639,LOW,112.32208652437245
F01,Jayanagar,2025-03-17 07:00:00,109.25164031982422,112.79126076546177,LOW,131.76646363249756
F01,Jayanagar,2025-03-17 08:00:00,121.2665786743164,123.43074081821283,LOW,145.60347269801701
F01,Jayanagar,2025-03-17 09:00:00,119.89595794677734,120.19445506165887,LOW,142.21198925372542
F01,Jayanagar,2025-03-17 10:00:00,109.94619750976562,108.72653302744254,LOW,128.13955520864394
F01,Jayanagar,2025-03-17 11:00:00,98.74201965332031,97.84437903478603,LOW,114.95166647486795
F01,Jayanagar,2025-03-17 12:00:00,93.11829376220703,91.62367323710241,LOW,107.43933387858968
F01,Jayanagar,2025-03-17 13:00:00,88.22340393066406,88.14320054538393,LOW,104.31495177011331
F01,Jayanagar,2025-03-17 14:00:00,92.31097412109375,91.32232360764802,LOW,107.12443556116042
F01,Jayanagar,2025-03-17 15:00:00,98.75454711914062,97.91321249747078,LOW,114.9557390815954
F01,Jayanagar,2025-03-17 16:00:00,108.93565368652344,107.14217948439546,LOW,127.56797089400854
F01,Jayanagar,2025-03-17 17:00:00,124.11730194091797,119.14030638808147,LOW,142.60221470715663
F01,Jayanagar,2025-03-17 18:00:00,135.45309448242188,132.32497242073381,LOW,156.7138104963571
F01,Jayanagar,2025-03-17 19:00:00,141.71536254882812,140.55510130846542,LOW,166.80410123130807
F01,Jayanagar,2025-03-17 20:00:00,143.7271728515625,140.9861378030842,LOW,169.070755403028
F01,Jayanagar,2025-03-17 21:00:00,138.8480682373047,136.7635854691035,LOW,162.641537547557
F01,Jayanagar,2025-03-17 22:00:00,130.4833221435547,127.12386054179493,LOW,150.9520506296319
F01,Jayanagar,2025-03-17 23:00:00,116.99769592285156,115.31263386399073,LOW,136.45983794000423
F01,Jayanagar,2025-03-18 00:00:00,82.59317016601562,83.26021661278469,LOW,96.02702181403802
F01,Jayanagar,2025-03-18 01:00:00,81.55301666259766,82.39928887887518,LOW,95.86120816667196
F01,Jayanagar,2025-03-18 02:00:00,81.60252380371094,82.0213848948652,LOW,95.62885036937371
F01,Jayanagar,2025-03-18 03:00:00,81.46724700927734,83.55142163636853,LOW,96.04274532235002
F01,Jayanagar,2025-03-18 04:00:00,83.19967651367188,83.49157322803521,LOW,96.73519981139995
F01,Jayanagar,2025-03-18 05:00:00,85.26451110839844,86.51234396097294,LOW,100.49410404493246
F01,Jayanagar,2025-03-18 06:00:00,96.6568832397461,96.76557661043525,LOW,112.47745809301932
F01,Jayanagar,2025-03-18 07:00:00,112.6327896118164,111.87223450972414,LOW,131.78677946004598
F01,Jayanagar,2025-03-18 08:00:00,124.44692993164062,124.27062574279167,LOW,145.462176913128
F01,Jayanagar,2025-03-18 09:00:00,120.5572738647461,120.31264579639262,LOW,141.8590794514243
F01,Jayanagar,2025-03-18 10:00:00,109.35396575927734,109.50259259536205,LOW,128.0969912824217
F01,Jayanagar,2025-03-18 11:00:00,98.98912048339844,98.69286676359386,LOW,115.01372414281624
F01,Jayanagar,2025-03-18 12:00:00,91.5263671875,91.39593214018758,LOW,107.24364163987764
F01,Jayanagar,2025-03-18 13:00:00,88.06424713134766,89.36374702069082,LOW,104.58792068490364
F01,Jayanagar,2025-03-18 14:00:00,91.20403289794922,92.19947177753218,LOW,107.0724064266216
F01,Jayanagar,2025-03-18 15:00:00,99.09630584716797,98.02341995919839,LOW,115.16429106951152
F01,Jayanagar,2025-03-18 16:00:00,107.40966796875,108.08803907886855,LOW,126.98344751307248
F01,Jayanagar,2025-03-18 17:00:00,120.16345977783203,119.76101049463634,LOW,142.54585326976616
F01,Jayanagar,2025-03-18 18:00:00,132.49853515625,131.4846513050571,LOW,156.86723451005457
F01,Jayanagar,2025-03-18 19:00:00,141.26231384277344,140.65864050452475,LOW,166.51875596020292
F01,Jayanagar,2025-03-18 20:00:00,143.29226684570312,141.3517048508563,LOW,168.81057592094044
F01,Jayanagar,2025-03-18 21:00:00,137.3640899658203,136.36630481881076,LOW,162.37526334798397
F01,Jayanagar,2025-03-18 22:00:00,126.89042663574219,127.40109445718998,LOW,150.86286708764268
F01,Jayanagar,2025-03-18 23:00:00,115.89176940917969,115.40273401820414,LOW,136.40558284825204
F01,Jayanagar,2025-03-19 00:00:00,82.41993713378906,83.42178182654506,LOW,95.52536926948336
F01,Jayanagar,2025-03-19 01:00:00,81.6372299194336,82.36609331294834,LOW,95.36732109969824
F01,Jayanagar,2025-03-19 02:00:00,81.50959014892578,82.99540798129074,LOW,95.28501419696173
F01,Jayanagar,2025-03-19 03:00:00,82.07743835449219,82.9886446804216,LOW,95.69729857349867
F01,Jayanagar,2025-03-19 04:00:00,83.04228973388672,84.06198714814717,LOW,96.59529020984515
F01,Jayanagar,2025-03-19 05:00:00,86.12749481201172,86.87761331726017,LOW,100.18500996190465
F01,Jayanagar,2025-03-19 06:00:00,96.15043640136719,96.92486224723818,LOW,112.03380361164858
F01,Jayanagar,2025-03-19 07:00:00,110.60985565185547,113.19760385246047,LOW,131.24481170254597
F01,Jayanagar,2025-03-19 08:00:00,124.06441497802734,123.90181315885928,LOW,144.99330076341755
F01,Jayanagar,2025-03-19 09:00:00,121.00580596923828,120.7498351033621,LOW,141.34881125374991
F01,Jayanagar,2025-03-19 10:00:00,109.55892181396484,110.73957030564998,LOW,127.57791915586436
F01,Jayanagar,2025-03-19 11:00:00,98.88152313232422,99.53687453726565,LOW,114.31516837687441
F01,Jayanagar,2025-03-19 12:00:00,91.79087829589844,92.00871747647305,LOW,106.7379667450668
F01,Jayanagar,2025-03-19 13:00:00,88.93418884277344,90.18796164120506,LOW,104.16335094936399
F01,Jayanagar,2025-03-19 14:00:00,91.67417907714844,92.69888995202197,LOW,106.72884512474451
F01,Jayanagar,2025-03-19 15:00:00,98.92647552490234,98.10025701069505,LOW,114.75072096672598
F01,Jayanagar,2025-03-19 16:00:00,107.25033569335938,109.33909292390953,LOW,126.72434813195444
F01,Jayanagar,2025-03-19 17:00:00,120.36856842041016,121.18946867267263,LOW,141.77111550619873
F01,Jayanagar,2025-03-19 18:00:00,132.02801513671875,133.94060575129453,LOW,155.85325383796882
F01,Jayanagar,2025-03-19 19:00:00,141.0536346435547,140.45395232227017,LOW,165.19765516371777
F01,Jayanagar,2025-03-19 20:00:00,143.47706604003906,143.72035789438777,LOW,168.2288993797709
F01,Jayanagar,2025-03-19 21:00:00,137.3384246826172,139.40855103511,LOW,161.32590232052718
F01,Jayanagar,2025-03-19 22:00:00,127.73064422607422,127.45153577705723,LOW,150.42104797769528
F01,Jayanagar,2025-03-19 23:00:00,115.42108154296875,115.90641887733774,LOW,135.6975995664475
F01,Jayanagar,2025-03-20 00:00:00,82.21395111083984,83.95424439997898,LOW,95.2022515491945
F01,Jayanagar,2025-03-20 01:00:00,81.55900573730469,83.02182362458487,LOW,95.27690143626901
F01,Jayanagar,2025-03-20 02:00:00,82.09161376953125,83.78104337983783,LOW,95.22962878747506
F01,Jayanagar,2025-03-20 03:00:00,82.06675720214844,83.29733185535238,LOW,95.46844177779566
F01,Jayanagar,2025-03-20 04:00:00,83.87789154052734,83.54090942776264,LOW,96.03989541340493
F01,Jayanagar,2025-03-20 05:00:00,86.10227966308594,87.98111125899527,LOW,99.9550963316416
F01,Jayanagar,2025-03-20 06:00:00,96.45458984375,97.27799846268012,LOW,111.80149598629114
F01,Jayanagar,2025-03-20 07:00:00,112.14495849609375,114.54776489225247,LOW,130.92860912913162
F01,Jayanagar,2025-03-20 08:00:00,124.12541198730469,125.9062557149111,LOW,144.559522223812
F01,Jayanagar,2025-03-20 09:00:00,121.00933074951172,122.12336426187619,LOW,141.42717902301357
F01,Jayanagar,2025-03-20 10:00:00,110.6501693725586,110.94248762224672,LOW,127.24344642258406
F01,Jayanagar,2025-03-20 11:00:00,99.40664672851562,99.45681269081875,LOW,114.41476418672141
F01,Jayanagar,2025-03-20 12:00:00,92.0590591430664,93.11733484115496,LOW,106.39945769451168
F01,Jayanagar,2025-03-20 13:00:00,89.72496795654297,90.52035468162423,LOW,103.6267695567095
F01,Jayanagar,2025-03-20 14:00:00,91.73558807373047,92.8212417375014,LOW,106.27613981009803
F01,Jayanagar,2025-03-20 15:00:00,98.7022933959961,98.53091331988257,LOW,114.40177333096754
F01,Jayanagar,2025-03-20 16:00:00,108.56967163085938,109.45077843260907,LOW,126.58844769508464
F01,Jayanagar,2025-03-20 17:00:00,121.892578125,121.21744508565281,LOW,141.6628843036713
F01,Jayanagar,2025-03-20 18:00:00,134.70086669921875,134.56674603052184,LOW,155.92190757006972
F01,Jayanagar,2025-03-20 19:00:00,142.00758361816406,141.87957906262545,LOW,165.89779710736596
F01,Jayanagar,2025-03-20 20:00:00,143.07139587402344,142.9823942802306,LOW,167.97598061181586
F01,Jayanagar,2025-03-20 21:00:00,139.0644989013672,138.8997495069313,LOW,161.09871657056854
F01,Jayanagar,2025-03-20 22:00:00,127.86957550048828,128.35203096454785,LOW,150.1185667365836
F01,Jayanagar,2025-03-20 23:00:00,116.41576385498047,116.97506518545335,LOW,135.43556828838635
F01,Jayanagar,2025-03-21 00:00:00,83.27120208740234,84.50284659187511,LOW,95.07855084342117
F01,Jayanagar,2025-03-21 01:00:00,82.05978393554688,84.49177858746938,LOW,95.22382376605104
F01,Jayanagar,2025-03-21 02:00:00,82.11143493652344,83.72396536044364,LOW,95.41613461451053
F01,Jayanagar,2025-03-21 03:00:00,82.06317901611328,83.88833482428522,LOW,95.04867724267592
F01,Jayanagar,2025-03-21 04:00:00,83.04731750488281,83.96138979760745,LOW,96.27559114107974
F01,Jayanagar,2025-03-21 05:00:00,86.66909790039062,87.82102470095741,LOW,100.06214580201035
F01,Jayanagar,2025-03-21 06:00:00,97.40483093261719,98.67929383494995,LOW,111.49149749554059
F01,Jayanagar,2025-03-21 07:00:00,112.30359649658203,114.07604990242233,LOW,130.47557633175347
F01,Jayanagar,2025-03-21 08:00:00,125.3558120727539,124.88164493982872,LOW,144.2964233334643
F01,Jayanagar,2025-03-21 09:00:00,122.98214721679688,123.76911500566533,LOW,140.65952725828495
F01,Jayanagar,2025-03-21 10:00:00,111.24510192871094,111.77570471022155,LOW,126.65473307032538
F01,Jayanagar,2025-03-21 11:00:00,99.54756164550781,100.22927492129539,LOW,114.17704004875358
F01,Jayanagar,2025-03-21 12:00:00,93.40119934082031,92.48390260501414,LOW,105.94895240250344
F01,Jayanagar,2025-03-21 13:00:00,89.32968139648438,90.32373533237603,LOW,103.76759498911206
F01,Jayanagar,2025-03-21 14:00:00,92.1177978515625,93.64562724870436,LOW,106.1861553747731
F01,Jayanagar,2025-03-21 15:00:00,98.91195678710938,100.13428686687881,LOW,114.0276605485851
F01,Jayanagar,2025-03-21 16:00:00,110.18787384033203,111.0654619960214,LOW,126.31452043664862
F01,Jayanagar,2025-03-21 17:00:00,122.07581329345703,123.45202837511808,LOW,141.0995472217687
F01,Jayanagar,2025-03-21 18:00:00,135.43609619140625,135.25023636892814,LOW,155.62750704000777
F01,Jayanagar,2025-03-21 19:00:00,143.204345703125,141.99231329839003,LOW,165.03254144982063
F01,Jayanagar,2025-03-21 20:00:00,143.67445373535156,145.44432854048364,LOW,166.91856758650383
F01,Jayanagar,2025-03-21 21:00:00,140.6392059326172,139.0772588496398,LOW,160.55881665199183
F01,Jayanagar,2025-03-21 22:00:00,128.828857421875,129.85921626506223,LOW,149.03227445777074
F01,Jayanagar,2025-03-21 23:00:00,117.68572998046875,117.3198997096627,LOW,135.0711785948171
F01,Jayanagar,2025-03-22 00:00:00,83.96160125732422,85.29794406531079,LOW,95.9849216013246
F01,Jayanagar,2025-03-22 01:00:00,83.59176635742188,85.63707322270007,LOW,95.59555356563175
F01,Jayanagar,2025-03-22 02:00:00,82.88452911376953,85.74944812797223,LOW,95.39988047290787
F01,Jayanagar,2025-03-22 03:00:00,83.74908447265625,85.66657321762514,LOW,95.77077995145747
F01,Jayanagar,2025-03-22 04:00:00,84.72444915771484,85.96526729225806,LOW,96.45071385848682
F01,Jayanagar,2025-03-22 05:00:00,87.32485961914062,88.55027036197141,LOW,100.4052800428048
F01,Jayanagar,2025-03-22 06:00:00,97.22583770751953,97.96427340796662,LOW,110.28981284309806
F01,Jayanagar,2025-03-22 07:00:00,112.41303253173828,112.15562379816856,LOW,127.41378409951271
F01,Jayanagar,2025-03-22 08:00:00,124.55891418457031,123.70691437718072,LOW,140.3330063008032
F01,Jayanagar,2025-03-22 09:00:00,123.37708282470703,122.76950992780291,LOW,139.30847744819332
F01,Jayanagar,2025-03-22 10:00:00,111.54508972167969,112.52160485843092,LOW,128.40248820451782
F01,Jayanagar,2025-03-22 11:00:00,101.78602600097656,103.2751579861272,LOW,116.72253247311774
F01,Jayanagar,2025-03-22 12:00:00,93.70771026611328,96.73774483996863,LOW,108.30335262798393
F01,Jayanagar,2025-03-22 13:00:00,91.446533203125,93.1150233833447,LOW,105.36101732152787
F01,Jayanagar,2025-03-22 14:00:00,95.69351959228516,94.57013393087306,LOW,107.38736848478165
F01,Jayanagar,2025-03-22 15:00:00,101.36885833740234,102.07222598668838,LOW,115.51951973312666
F01,Jayanagar,2025-03-22 16:00:00,111.4737319946289,112.95231716228936,LOW,128.08418961031774
F01,Jayanagar,2025-03-22 17:00:00,125.80123138427734,126.43368600677391,LOW,143.62541490971662
F01,Jayanagar,2025-03-22 18:00:00,137.45162963867188,138.59918449044585,LOW,158.84669759828697
F01,Jayanagar,2025-03-22 19:00:00,144.28231811523438,146.8803196052112,LOW,168.85624771432362
F01,Jayanagar,2025-03-22 20:00:00,146.98654174804688,148.68850956186185,LOW,170.51353404494736
F01,Jayanagar,2025-03-22 21:00:00,143.45028686523438,143.3093249088493,LOW,164.70693439643395
F01,Jayanagar,2025-03-22 22:00:00,133.26719665527344,133.24412290391354,LOW,152.70362334620168
F01,Jayanagar,2025-03-22 23:00:00,118.96192169189453,120.92030577465269,LOW,137.46399958039103
F01,Jayanagar,2025-03-23 00:00:00,85.0909194946289,85.9817820190484,LOW,95.85241316705755
F01,Jayanagar,2025-03-23 01:00:00,84.92263793945312,87.23283293726155,LOW,95.68273239542681
F01,Jayanagar,2025-03-23 02:00:00,84.98009490966797,85.59359610210146,LOW,95.75031552861122
F01,Jayanagar,2025-03-23 03:00:00,84.9988021850586,85.50697333341077,LOW,95.95705252371933
F01,Jayanagar,2025-03-23 04:00:00,85.26788330078125,86.67762104265111,LOW,96.7134798752501
F01,Jayanagar,2025-03-23 05:00:00,87.72065734863281,88.73996169220504,LOW,99.80255604883037
F01,Jayanagar,2025-03-23 06:00:00,97.83824157714844,99.32460084777136,LOW,110.27033392916668
F01,Jayanagar,2025-03-23 07:00:00,111.77381134033203,113.57808018764314,LOW,127.52852938843584
F01,Jayanagar,2025-03-23 08:00:00,123.9778060913086,125.26646952014393,LOW,140.1805558753111
F01,Jayanagar,2025-03-23 09:00:00,122.90847778320312,123.97916373140363,LOW,139.15449646816947
F01,Jayanagar,2025-03-23 10:00:00,112.92267608642578,114.19241992476496,LOW,128.0355504895281
F01,Jayanagar,2025-03-23 11:00:00,103.63545989990234,102.76217373030921,LOW,115.96128553466441
F01,Jayanagar,2025-03-23 12:00:00,97.1156234741211,96.63059817293947,LOW,108.24408935974535
F01,Jayanagar,2025-03-23 13:00:00,93.4841079711914,93.58640531151146,LOW,105.22717592514176
F01,Jayanagar,2025-03-23 14:00:00,99.58245086669922,96.01069657832629,LOW,107.19711248769339
F01,Jayanagar,2025-03-23 15:00:00,101.73074340820312,103.18327854761272,LOW,115.29638366111185
F01,Jayanagar,2025-03-23 16:00:00,112.56571960449219,114.47627778204524,LOW,127.87442551122284
F01,Jayanagar,2025-03-23 17:00:00,127.72895812988281,126.5735601859499,LOW,143.59312613688635
F01,Jayanagar,2025-03-23 18:00:00,140.2496337890625,140.17299324970858,LOW,158.45623581120245
F01,Jayanagar,2025-03-23 19:00:00,146.0742950439453,148.70885007142212,LOW,168.39916517172887
F01,Jayanagar,2025-03-23 20:00:00,147.7584686279297,149.93316139274927,LOW,170.5948692036645
F01,Jayanagar,2025-03-23 21:00:00,144.1381378173828,144.22442301494812,LOW,164.53961610557732
F01,Jayanagar,2025-03-23 22:00:00,134.31005859375,134.86892676844192,LOW,152.25155936440672
F01,Jayanagar,2025-03-23 23:00:00,121.7120361328125,121.93317892130553,LOW,137.49363432041224
F01,Jayanagar,2025-03-24 00:00:00,84.32209777832031,85.31394964459476,LOW,95.8759498374898
F01,Jayanagar,2025-03-24 01:00:00,85.01851654052734,86.42513051274567,LOW,96.10107695667115
F01,Jayanagar,2025-03-24 02:00:00,83.87997436523438,86.39690447462576,LOW,95.82731990519605
F01,Jayanagar,2025-03-24 03:00:00,84.08783721923828,86.25438171077933,LOW,96.1577383799316
F01,Jayanagar,2025-03-24 04:00:00,85.69747161865234,86.66099578340834,LOW,97.00944169992802
F01,Jayanagar,2025-03-24 05:00:00,87.59992980957031,89.38094736422103,LOW,101.19680248926456
F01,Jayanagar,2025-03-24 06:00:00,98.66165924072266,100.50278081315544,LOW,112.32208652437245
F01,Jayanagar,2025-03-24 07:00:00,112.9520492553711,116.66710356585621,LOW,131.76646363249756
F01,Jayanagar,2025-03-24 08:00:00,125.77841186523438,128.8729681982368,LOW,145.60347269801701
F01,Jayanagar,2025-03-24 09:00:00,124.13955688476562,125.98036799968838,LOW,142.21198925372542
F01,Jayanagar,2025-03-24 10:00:00,112.16104888916016,112.54379732306016,LOW,128.13955520864394
F01,Jayanagar,2025-03-24 11:00:00,100.74102783203125,102.00545847653376,LOW,114.95166647486795
F01,Jayanagar,2025-03-24 12:00:00,94.99009704589844,94.60969517119743,LOW,107.43933387858968
F01,Jayanagar,2025-03-24 13:00:00,92.58313751220703,93.64556964042625,LOW,104.31495177011331
F01,Jayanagar,2025-03-24 14:00:00,95.09944152832031,95.74941265835135,LOW,107.12443556116042
F01,Jayanagar,2025-03-24 15:00:00,102.10131072998047,102.22880017857902,LOW,114.9557390815954
F01,Jayanagar,2025-03-24 16:00:00,111.77046966552734,113.17956437102654,LOW,127.56797089400854
F01,Jayanagar,2025-03-24 17:00:00,125.78662872314453,125.45180043656457,LOW,142.60221470715663
F01,Jayanagar,2025-03-24 18:00:00,138.10963439941406,137.50187157107186,LOW,156.7138104963571
F01,Jayanagar,2025-03-24 19:00:00,145.06439208984375,147.03009853587523,LOW,166.80410123130807
F01,Jayanagar,2025-03-24 20:00:00,145.86961364746094,148.0047799515799,LOW,169.070755403028
F01,Jayanagar,2025-03-24 21:00:00,140.80722045898438,141.93655599323992,LOW,162.641537547557
F01,Jayanagar,2025-03-24 22:00:00,132.6941680908203,133.28908179920293,LOW,150.9520506296319
F01,Jayanagar,2025-03-24 23:00:00,120.56158447265625,120.6618312487411,LOW,136.45983794000423
F01,Jayanagar,2025-03-25 00:00:00,84.96920013427734,87.00732661687357,LOW,96.02702181403802
F01,Jayanagar,2025-03-25 01:00:00,85.4907455444336,86.24473021439637,LOW,95.86120816667196
F01,Jayanagar,2025-03-25 02:00:00,85.32579803466797,86.88653129128984,LOW,95.62885036937371
F01,Jayanagar,2025-03-25 03:00:00,85.52012634277344,87.27035363210675,LOW,96.04274532235002
F01,Jayanagar,2025-03-25 04:00:00,85.83799743652344,87.11975711185964,LOW,96.73519981139995
F01,Jayanagar,2025-03-25 05:00:00,87.88164520263672,90.10919549495901,LOW,100.49410404493246
F01,Jayanagar,2025-03-25 06:00:00,99.1140365600586,101.39985409464808,LOW,112.47745809301932
F01,Jayanagar,2025-03-25 07:00:00,116.09666442871094,118.17219551383396,LOW,131.78677946004598
F01,Jayanagar,2025-03-25 08:00:00,127.49037170410156,130.58252335528132,LOW,145.462176913128
F01,Jayanagar,2025-03-25 09:00:00,125.5902328491211,126.55758658718976,LOW,141.8590794514243
F01,Jayanagar,2025-03-25 10:00:00,113.38285064697266,115.55586318951276,LOW,128.0969912824217
F01,Jayanagar,2025-03-25 11:00:00,101.57781219482422,103.6403874807322,LOW,115.01372414281624
F01,Jayanagar,2025-03-25 12:00:00,98.80435943603516,95.96090583701839,LOW,107.24364163987764
F01,Jayanagar,2025-03-25 13:00:00,93.33818817138672,94.7139658675786,LOW,104.58792068490364
F01,Jayanagar,2025-03-25 14:00:00,96.25025177001953,95.87180482397285,LOW,107.0724064266216
F01,Jayanagar,2025-03-25 15:00:00,101.45707702636719,102.77583615657079,LOW,115.16429106951152
F01,Jayanagar,2025-03-25 16:00:00,112.87874603271484,114.34907089354763,LOW,126.98344751307248
F01,Jayanagar,2025-03-25 17:00:00,125.85928344726562,126.98585817158865,LOW,142.54585326976616
F01,Jayanagar,2025-03-25 18:00:00,137.09756469726562,139.7126008139624,LOW,156.86723451005457
F01,Jayanagar,2025-03-25 19:00:00,145.15916442871094,146.60904293129602,LOW,166.51875596020292
F01,Jayanagar,2025-03-25 20:00:00,145.9884796142578,149.1389119864486,LOW,168.81057592094044
F01,Jayanagar,2025-03-25 21:00:00,141.40188598632812,144.61712075348677,LOW,162.37526334798397
F01,Jayanagar,2025-03-25 22:00:00,133.4171142578125,133.16418690194368,LOW,150.86286708764268
F01,Jayanagar,2025-03-25 23:00:00,121.05718231201172,120.95395105550627,LOW,136.40558284825204
F01,Jayanagar,2025-03-26 00:00:00,85.94754791259766,88.16745535426665,LOW,95.52536926948336
F01,Jayanagar,2025-03-26 01:00:00,85.65940856933594,87.22207753256593,LOW,95.36732109969824
F01,Jayanagar,2025-03-26 02:00:00,85.60688781738281,87.44838268304197,LOW,95.28501419696173
F01,Jayanagar,2025-03-26 03:00:00,85.45002746582031,87.52883061430394,LOW,95.69729857349867
F01,Jayanagar,2025-03-26 04:00:00,85.77629852294922,87.30226570535231,LOW,96.59529020984515
F01,Jayanagar,2025-03-26 05:00:00,88.10131072998047,91.98502545125108,LOW,100.18500996190465
F01,Jayanagar,2025-03-26 06:00:00,100.5357894897461,101.18659309119792,LOW,112.03380361164858
F01,Jayanagar,2025-03-26 07:00:00,116.78173828125,118.62638936583559,LOW,131.24481170254597
F01,Jayanagar,2025-03-26 08:00:00,129.49147033691406,131.56129614199168,LOW,144.99330076341755
F01,Jayanagar,2025-03-26 09:00:00,125.33405303955078,127.43966467147581,LOW,141.34881125374991
F01,Jayanagar,2025-03-26 10:00:00,115.31519317626953,116.53519961055588,LOW,127.57791915586436
F01,Jayanagar,2025-03-26 11:00:00,103.36516571044922,104.5624950005098,LOW,114.31516837687441
F01,Jayanagar,2025-03-26 12:00:00,95.90618133544922,98.73212120988494,LOW,106.7379667450668
F01,Jayanagar,2025-03-26 13:00:00,95.13301086425781,95.98242878971915,LOW,104.16335094936399
F01,Jayanagar,2025-03-26 14:00:00,96.26387786865234,98.52956438726874,LOW,106.72884512474451
F01,Jayanagar,2025-03-26 15:00:00,102.05297088623047,105.27563626610247,LOW,114.75072096672598
F01,Jayanagar,2025-03-26 16:00:00,113.13672637939453,116.02152354920875,LOW,126.72434813195444
F01,Jayanagar,2025-03-26 17:00:00,127.02872467041016,131.3665502637901,LOW,141.77111550619873
F01,Jayanagar,2025-03-26 18:00:00,139.46084594726562,144.44183412523478,LOW,155.85325383796882
F01,Jayanagar,2025-03-26 19:00:00,144.93978881835938,152.81619363968093,LOW,165.19765516371777
F01,Jayanagar,2025-03-26 20:00:00,145.8491668701172,152.5692388262669,LOW,168.2288993797709
F01,Jayanagar,2025-03-26 21:00:00,143.1701202392578,147.8024312596705,LOW,161.32590232052718
F01,Jayanagar,2025-03-26 22:00:00,132.31101989746094,137.55108131861644,LOW,150.42104797769528
F01,Jayanagar,2025-03-26 23:00:00,122.12742614746094,126.60541178134491,LOW,135.6975995664475
F01,Jayanagar,2025-03-27 00:00:00,86.43594360351562,87.75212877273107,LOW,95.2022515491945
F01,Jayanagar,2025-03-27 01:00:00,85.24905395507812,87.58799274186521,LOW,95.27690143626901
F01,Jayanagar,2025-03-27 02:00:00,85.18183135986328,87.78852046936443,LOW,95.22962878747506
F01,Jayanagar,2025-03-27 03:00:00,85.16091918945312,88.34712986161188,LOW,95.46844177779566
F01,Jayanagar,2025-03-27 04:00:00,85.695556640625,88.47180724692775,LOW,96.03989541340493
F01,Jayanagar,2025-03-27 05:00:00,89.6469955444336,90.95946536299195,LOW,99.9550963316416
F01,Jayanagar,2025-03-27 06:00:00,100.46292877197266,102.80992631418246,LOW,111.80149598629114
F01,Jayanagar,2025-03-27 07:00:00,116.72489929199219,119.14262854527314,LOW,130.92860912913162
F01,Jayanagar,2025-03-27 08:00:00,130.3025665283203,131.7300021272193,LOW,144.559522223812
F01,Jayanagar,2025-03-27 09:00:00,126.97772979736328,129.8500010825295,LOW,141.42717902301357
F01,Jayanagar,2025-03-27 10:00:00,116.36708068847656,117.46129399547674,LOW,127.24344642258406
F01,Jayanagar,2025-03-27 11:00:00,104.410400390625,106.50836762624559,LOW,114.41476418672141
F01,Jayanagar,2025-03-27 12:00:00,98.46206665039062,98.6938156475884,LOW,106.39945769451168
F01,Jayanagar,2025-03-27 13:00:00,95.60701751708984,98.36819091990068,LOW,103.6267695567095
F01,Jayanagar,2025-03-27 14:00:00,97.60148620605469,98.3730844275743,LOW,106.27613981009803
F01,Jayanagar,2025-03-27 15:00:00,104.22068786621094,105.84622201809908,LOW,114.40177333096754
F01,Jayanagar,2025-03-27 16:00:00,115.2254867553711,118.38073036581378,LOW,126.58844769508464
F01,Jayanagar,2025-03-27 17:00:00,130.8122100830078,131.08642207835393,LOW,141.6628843036713
F01,Jayanagar,2025-03-27 18:00:00,141.50802612304688,144.92173746470888,LOW,155.92190757006972
F01,Jayanagar,2025-03-27 19:00:00,147.39466857910156,152.8995636615394,LOW,165.89779710736596
F01,Jayanagar,2025-03-27 20:00:00,147.7797393798828,155.21097956592268,LOW,167.97598061181586
F01,Jayanagar,2025-03-27 21:00:00,145.706298828125,150.75368267228265,LOW,161.09871657056854
F01,Jayanagar,2025-03-27 22:00:00,137.70281982421875,137.5705587275441,LOW,150.1185667365836
F01,Jayanagar,2025-03-27 23:00:00,126.10403442382812,125.58577726452577,LOW,135.43556828838635
F01,Jayanagar,2025-03-28 00:00:00,86.4421615600586,88.44368562516122,LOW,95.07855084342117
F01,Jayanagar,2025-03-28 01:00:00,85.25892639160156,88.76254884621288,LOW,95.22382376605104
F01,Jayanagar,2025-03-28 02:00:00,85.90386962890625,88.31101146637872,LOW,95.41613461451053
F01,Jayanagar,2025-03-28 03:00:00,86.56675720214844,88.21414675818701,LOW,95.04867724267592
F01,Jayanagar,2025-03-28 04:00:00,87.08503723144531,89.71585409623717,LOW,96.27559114107974
F01,Jayanagar,2025-03-28 05:00:00,88.27792358398438,93.16840348389978,LOW,100.06214580201035
F01,Jayanagar,2025-03-28 06:00:00,102.56893157958984,104.44906052753107,LOW,111.49149749554059
F01,Jayanagar,2025-03-28 07:00:00,116.97937774658203,120.56921971770466,LOW,130.47557633175347
F01,Jayanagar,2025-03-28 08:00:00,130.8537139892578,133.64060378639888,LOW,144.2964233334643
F01,Jayanagar,2025-03-28 09:00:00,129.2781524658203,130.1093245928165,LOW,140.65952725828495
F01,Jayanagar,2025-03-28 10:00:00,118.04248046875,119.67844268930317,LOW,126.65473307032538
F01,Jayanagar,2025-03-28 11:00:00,106.83354187011719,107.25718056579989,LOW,114.17704004875358
F01,Jayanagar,2025-03-28 12:00:00,98.08702850341797,99.01866560494828,LOW,105.94895240250344
F01,Jayanagar,2025-03-28 13:00:00,96.90023040771484,95.94265816123475,LOW,103.76759498911206
F01,Jayanagar,2025-03-28 14:00:00,97.15726470947266,100.31408081964715,LOW,106.1861553747731
F01,Jayanagar,2025-03-28 15:00:00,105.86474609375,107.33614680103722,LOW,114.0276605485851
F01,Jayanagar,2025-03-28 16:00:00,117.21882629394531,117.91324498563971,LOW,126.31452043664862
F01,Jayanagar,2025-03-28 17:00:00,130.978759765625,132.88966110307095,LOW,141.0995472217687
F01,Jayanagar,2025-03-28 18:00:00,141.62615966796875,146.81156384953437,LOW,155.62750704000777
F01,Jayanagar,2025-03-28 19:00:00,147.5915985107422,155.24972670577202,LOW,165.03254144982063
F01,Jayanagar,2025-03-28 20:00:00,151.3491668701172,156.79941078146635,LOW,166.91856758650383
F01,Jayanagar,2025-03-28 21:00:00,146.60118103027344,149.2049703745952,LOW,160.55881665199183
F01,Jayanagar,2025-03-28 22:00:00,137.7047119140625,138.33106937816214,LOW,149.03227445777074
F01,Jayanagar,2025-03-28 23:00:00,126.01001739501953,126.41947457659963,LOW,135.0711785948171
F01,Jayanagar,2025-03-29 00:00:00,87.45388793945312,90.9936640452627,LOW,95.9849216013246
F01,Jayanagar,2025-03-29 01:00:00,87.50206756591797,90.20445375364935,LOW,95.59555356563175
F01,Jayanagar,2025-03-29 02:00:00,86.8780288696289,89.85793877929792,LOW,95.39988047290787
F01,Jayanagar,2025-03-29 03:00:00,87.01912689208984,90.07810672818705,LOW,95.77077995145747
F01,Jayanagar,2025-03-29 04:00:00,88.2040786743164,90.58231834896007,LOW,96.45071385848682
F01,Jayanagar,2025-03-29 05:00:00,92.09503936767578,94.17812054675989,LOW,100.4052800428048
F01,Jayanagar,2025-03-29 06:00:00,102.94995880126953,103.87021477771648,LOW,110.28981284309806
F01,Jayanagar,2025-03-29 07:00:00,117.70804595947266,119.14351951957761,LOW,127.41378409951271
F01,Jayanagar,2025-03-29 08:00:00,131.2073974609375,131.83833117633694,LOW,140.3330063008032
F01,Jayanagar,2025-03-29 09:00:00,129.224609375,129.88020570304369,LOW,139.30847744819332
F01,Jayanagar,2025-03-29 10:00:00,118.27299499511719,119.60420515886265,LOW,128.40248820451782
F01,Jayanagar,2025-03-29 11:00:00,108.5342025756836,109.6498533640584,LOW,116.72253247311774
F01,Jayanagar,2025-03-29 12:00:00,100.62091064453125,101.50757009303231,LOW,108.30335262798393
F01,Jayanagar,2025-03-29 13:00:00,97.0011215209961,98.21024325964139,LOW,105.36101732152787
F01,Jayanagar,2025-03-29 14:00:00,100.92674255371094,100.52018391389842,LOW,107.38736848478165
F01,Jayanagar,2025-03-29 15:00:00,107.59416198730469,107.98888446276331,LOW,115.51951973312666
F01,Jayanagar,2025-03-29 16:00:00,118.95294952392578,119.33629607282676,LOW,128.08418961031774
F01,Jayanagar,2025-03-29 17:00:00,132.1862030029297,131.96226167431868,LOW,143.62541490971662
F01,Jayanagar,2025-03-29 18:00:00,145.1312713623047,145.67956360089025,LOW,158.84669759828697
F01,Jayanagar,2025-03-29 19:00:00,151.5289306640625,157.0251831420697,LOW,168.85624771432362
F01,Jayanagar,2025-03-29 20:00:00,153.33395385742188,157.8189927876937,LOW,170.51353404494736
F01,Jayanagar,2025-03-29 21:00:00,149.524658203125,152.2274655196048,LOW,164.70693439643395
F01,Jayanagar,2025-03-29 22:00:00,140.9925994873047,139.86273305977326,LOW,152.70362334620168
F01,Jayanagar,2025-03-29 23:00:00,127.72241973876953,126.74907988426772,LOW,137.46399958039103
F01,Jayanagar,2025-03-30 00:00:00,88.56525421142578,92.51429833724418,LOW,95.85241316705755
F01,Jayanagar,2025-03-30 01:00:00,88.53255462646484,91.22953417067127,LOW,95.68273239542681
F01,Jayanagar,2025-03-30 02:00:00,88.24748229980469,90.31441885086876,LOW,95.75031552861122
F01,Jayanagar,2025-03-30 03:00:00,88.01387023925781,91.19330347097653,LOW,95.95705252371933
F01,Jayanagar,2025-03-30 04:00:00,88.89387512207031,92.29235753230007,LOW,96.7134798752501
F01,Jayanagar,2025-03-30 05:00:00,93.3023681640625,94.27064521092207,LOW,99.80255604883037
F01,Jayanagar,2025-03-30 06:00:00,102.916259765625,104.65522570892857,LOW,110.27033392916668
F01,Jayanagar,2025-03-30 07:00:00,116.73566436767578,120.083321718131,LOW,127.52852938843584
F01,Jayanagar,2025-03-30 08:00:00,130.65846252441406,131.51212197649966,LOW,140.1805558753111
F01,Jayanagar,2025-03-30 09:00:00,129.71267700195312,131.6609678169217,LOW,139.15449646816947
F01,Jayanagar,2025-03-30 10:00:00,118.44634246826172,121.22800680323029,LOW,128.0355504895281
F01,Jayanagar,2025-03-30 11:00:00,109.35452270507812,109.9982876873464,LOW,115.96128553466441
F01,Jayanagar,2025-03-30 12:00:00,101.86819458007812,102.12217329471916,LOW,108.24408935974535
F01,Jayanagar,2025-03-30 13:00:00,97.97948455810547,99.08853392792105,LOW,105.22717592514176
F01,Jayanagar,2025-03-30 14:00:00,100.18302917480469,101.26200224850126,LOW,107.19711248769339
F01,Jayanagar,2025-03-30 15:00:00,107.77074432373047,108.08502293651941,LOW,115.29638366111185
F01,Jayanagar,2025-03-30 16:00:00,118.04442596435547,120.14011395537749,LOW,127.87442551122284
F01,Jayanagar,2025-03-30 17:00:00,132.12684631347656,133.5468554302164,LOW,143.59312613688635
F01,Jayanagar,2025-03-30 18:00:00,144.48313903808594,148.130122891107,LOW,158.45623581120245
F01,Jayanagar,2025-03-30 19:00:00,151.74462890625,156.98628416480364,LOW,168.39916517172887
F01,Jayanagar,2025-03-30 20:00:00,154.2056427001953,158.709166356637,LOW,170.5948692036645
F01,Jayanagar,2025-03-30 21:00:00,148.3539276123047,153.89917003185082,LOW,164.53961610557732
F01,Jayanagar,2025-03-30 22:00:00,140.43142700195312,144.07678590105132,LOW,152.25155936440672
F01,Jayanagar,2025-03-30 23:00:00,129.08897399902344,128.9191686044202,LOW,137.49363432041224
F01,Jayanagar,2025-03-31 00:00:00,89.42399597167969,90.44956075916681,LOW,95.8759498374898
F01,Jayanagar,2025-03-31 01:00:00,88.87425231933594,91.0692437257712,LOW,96.10107695667115
F01,Jayanagar,2025-03-31 02:00:00,87.86824798583984,90.91043041040865,LOW,95.82731990519605
F01,Jayanagar,2025-03-31 03:00:00,88.17919921875,91.23029552630122,LOW,96.1577383799316
F01,Jayanagar,2025-03-31 04:00:00,89.89360046386719,91.37336919063439,LOW,97.00944169992802
F01,Jayanagar,2025-03-31 05:00:00,93.26133728027344,95.49098867221336,LOW,101.19680248926456
F01,Jayanagar,2025-03-31 06:00:00,103.47417449951172,105.82566232775187,LOW,112.32208652437245
F01,Jayanagar,2025-03-31 07:00:00,118.78343200683594,123.67601111488713,LOW,131.76646363249756
F01,Jayanagar,2025-03-31 08:00:00,132.56546020507812,136.22469721810555,LOW,145.60347269801701
F01,Jayanagar,2025-03-31 09:00:00,131.08108520507812,132.08844673797861,LOW,142.21198925372542
F01,Jayanagar,2025-03-31 10:00:00,119.19699096679688,120.1533358687998,LOW,128.13955520864394
F01,Jayanagar,2025-03-31 11:00:00,108.28999328613281,108.30339808349618,LOW,114.95166647486795
F01,Jayanagar,2025-03-31 12:00:00,100.1893310546875,101.75429304033365,LOW,107.43933387858968
F01,Jayanagar,2025-03-31 13:00:00,96.7907943725586,98.93754213173109,LOW,104.31495177011331
F01,Jayanagar,2025-03-31 14:00:00,99.39350128173828,100.94651995691075,LOW,107.12443556116042
F01,Jayanagar,2025-03-31 15:00:00,106.2311019897461,108.01300147318506,LOW,114.9557390815954
F01,Jayanagar,2025-03-31 16:00:00,118.12152099609375,119.64181574918094,LOW,127.56797089400854
F01,Jayanagar,2025-03-31 17:00:00,131.42739868164062,132.54692327029562,LOW,142.60221470715663
F01,Jayanagar,2025-03-31 18:00:00,142.88922119140625,145.77420366976867,LOW,156.7138104963571
F01,Jayanagar,2025-03-31 19:00:00,150.33319091796875,155.20606397698182,LOW,166.80410123130807
F01,Jayanagar,2025-03-31 20:00:00,152.77645874023438,156.26701869871147,LOW,169.070755403028
F01,Jayanagar,2025-03-31 21:00:00,149.02503967285156,151.1401735611806,LOW,162.641537547557
F01,Jayanagar,2025-03-31 22:00:00,140.45428466796875,139.51893957733878,LOW,150.9520506296319
F01,Jayanagar,2025-03-31 23:00:00,125.90509033203125,126.46194188743145,LOW,136.45983794000423
F02,Indiranagar,2025-03-17 00:00:00,92.34183502197266,93.05323734854485,LOW,105.76273756862506
F02,Indiranagar,2025-03-17 01:00:00,92.03536224365234,92.17601020774582,LOW,105.90189902103955
F02,Indiranagar,2025-03-17 02:00:00,92.41682434082031,92.4496381124754,LOW,105.22473175605246
F02,Indiranagar,2025-03-17 03:00:00,92.22994995117188,93.20848680436038,LOW,105.68942304310163
F02,Indiranagar,2025-03-17 04:00:00,92.58240509033203,92.74647905712396,LOW,106.16267009921424
F02,Indiranagar,2025-03-17 05:00:00,95.69095611572266,96.41817983746856,LOW,110.54246853350057
F02,Indiranagar,2025-03-17 06:00:00,105.55274963378906,108.60451832147226,LOW,123.65039018759515
F02,Indiranagar,2025-03-17 07:00:00,126.41036987304688,125.08512686215376,LOW,144.6391334125197
F02,Indiranagar,2025-03-17 08:00:00,135.6476593017578,136.9845888749335,LOW,159.32735193413663
F02,Indiranagar,2025-03-17 09:00:00,132.87460327148438,136.13457376285754,LOW,155.64100890823775
F02,Indiranagar,2025-03-17 10:00:00,128.40296936035156,123.04847855694965,LOW,143.51828926029708
F02,Indiranagar,2025-03-17 11:00:00,121.5352554321289,110.97306329237158,LOW,130.21887165927072
F02,Indiranagar,2025-03-17 12:00:00,111.11083221435547,103.5069719160945,LOW,121.40075221957647
F02,Indiranagar,2025-03-17 13:00:00,107.14984893798828,102.72233703548784,LOW,118.4046527286761
F02,Indiranagar,2025-03-17 14:00:00,108.46784210205078,105.76756258484492,LOW,121.51924081131116
F02,Indiranagar,2025-03-17 15:00:00,117.80785369873047,111.72390002450062,LOW,130.07456690417033
F02,Indiranagar,2025-03-17 16:00:00,128.38438415527344,124.35951603001543,LOW,142.99910768345256
F02,Indiranagar,2025-03-17 17:00:00,142.3525390625,137.01776104564905,LOW,160.24659945283005
F02,Indiranagar,2025-03-17 18:00:00,154.53359985351562,152.21427169594077,LOW,177.36180048047711
F02,Indiranagar,2025-03-17 19:00:00,167.461181640625,162.90132877480903,LOW,188.05297924642815
F02,Indiranagar,2025-03-17 20:00:00,167.06434631347656,161.45126542050195,LOW,190.2862940413041
F02,Indiranagar,2025-03-17 21:00:00,159.66001892089844,156.82084962919134,LOW,183.56959042295858
F02,Indiranagar,2025-03-17 22:00:00,152.1558074951172,147.30632949587576,LOW,169.7642399284215
F02,Indiranagar,2025-03-17 23:00:00,136.18043518066406,131.61523566393902,LOW,153.55749556135032
F02,Indiranagar,2025-03-18 00:00:00,92.1373062133789,93.47414981672297,LOW,105.33858715339181
F02,Indiranagar,2025-03-18 01:00:00,91.71971893310547,92.78126458729037,LOW,105.39885980021207
F02,Indiranagar,2025-03-18 02:00:00,91.82856750488281,93.16901464389517,LOW,105.47257681669662
F02,Indiranagar,2025-03-18 03:00:00,92.27444458007812,92.8083654873474,LOW,105.54431703861387
F02,Indiranagar,2025-03-18 04:00:00,92.69566345214844,93.3240861794012,LOW,106.80085490073495
F02,Indiranagar,2025-03-18 05:00:00,96.09027862548828,98.4657523721515,LOW,110.67997774169412
F02,Indiranagar,2025-03-18 06:00:00,108.66787719726562,108.8886299214456,LOW,123.52356114960153
F02,Indiranagar,2025-03-18 07:00:00,126.24006652832031,127.52488578051155,LOW,144.28002022821232
F02,Indiranagar,2025-03-18 08:00:00,137.0334014892578,138.8010700705796,LOW,158.52647777558815
F02,Indiranagar,2025-03-18 09:00:00,134.23886108398438,136.9598148929342,LOW,155.6792943827515
F02,Indiranagar,2025-03-18 10:00:00,128.78245544433594,124.79184780700506,LOW,142.4708498670685
F02,Indiranagar,2025-03-18 11:00:00,112.37879943847656,110.68263034306467,LOW,129.40441921973706
F02,Indiranagar,2025-03-18 12:00:00,104.79006958007812,104.97055584924031,LOW,120.54319524553368
F02,Indiranagar,2025-03-18 13:00:00,104.6365737915039,101.98688468252192,LOW,117.53273570358351
F02,Indiranagar,2025-03-18 14:00:00,105.71166229248047,105.70860966655557,LOW,121.64107607834922
F02,Indiranagar,2025-03-18 15:00:00,111.94732666015625,112.76478793970662,LOW,130.14052134752313
F02,Indiranagar,2025-03-18 16:00:00,126.29375457763672,123.82395600662355,LOW,143.85937022828722
F02,Indiranagar,2025-03-18 17:00:00,137.143310546875,139.20409203896907,LOW,160.63930001461716
F02,Indiranagar,2025-03-18 18:00:00,152.06118774414062,152.272893064587,LOW,175.93713914797937
F02,Indiranagar,2025-03-18 19:00:00,164.49661254882812,160.57746562703406,LOW,187.62221453884587
F02,Indiranagar,2025-03-18 20:00:00,163.2558135986328,165.48196363764907,LOW,189.6091206401373
F02,Indiranagar,2025-03-18 21:00:00,161.6363067626953,157.4666679231628,LOW,183.17928817694906
F02,Indiranagar,2025-03-18 22:00:00,145.4375762939453,148.31943189618673,LOW,169.7431272615001
F02,Indiranagar,2025-03-18 23:00:00,134.1129150390625,132.53745197353018,LOW,152.75231155446585
F02,Indiranagar,2025-03-19 00:00:00,92.59349060058594,93.49149742455306,LOW,105.43821746468583
F02,Indiranagar,2025-03-19 01:00:00,92.39179229736328,93.26736663517835,LOW,105.03409480492265
F02,Indiranagar,2025-03-19 02:00:00,92.58332824707031,93.06379644853813,LOW,105.06005317381577
F02,Indiranagar,2025-03-19 03:00:00,92.72342681884766,92.76965087937427,LOW,105.32178176820236
F02,Indiranagar,2025-03-19 04:00:00,93.09954833984375,94.67591606142575,LOW,105.95523948133273
F02,Indiranagar,2025-03-19 05:00:00,96.83035278320312,98.31376533507319,LOW,110.1315844922898
F02,Indiranagar,2025-03-19 06:00:00,108.24726867675781,109.62878257935637,LOW,122.99413270182134
F02,Indiranagar,2025-03-19 07:00:00,127.03846740722656,126.14199029612551,LOW,143.70639032451908
F02,Indiranagar,2025-03-19 08:00:00,136.7134552001953,140.31857048149956,LOW,158.7905991838159
F02,Indiranagar,2025-03-19 09:00:00,135.2805633544922,137.77139302524958,LOW,154.5616826775156
F02,Indiranagar,2025-03-19 10:00:00,129.13092041015625,124.49239286674725,LOW,142.1554351988758
F02,Indiranagar,2025-03-19 11:00:00,111.97481536865234,113.26133605491256,LOW,129.41451937229058
F02,Indiranagar,2025-03-19 12:00:00,108.0284652709961,104.89072589425757,LOW,120.75558301582352
F02,Indiranagar,2025-03-19 13:00:00,104.39778900146484,103.88740484756242,LOW,117.25574992091087
F02,Indiranagar,2025-03-19 14:00:00,105.83203887939453,105.3349148986866,LOW,120.7643563273532
F02,Indiranagar,2025-03-19 15:00:00,112.97540283203125,112.64743755152773,LOW,128.66497810075805
F02,Indiranagar,2025-03-19 16:00:00,125.78343200683594,124.39470298259486,LOW,143.1015656637545
F02,Indiranagar,2025-03-19 17:00:00,136.7550506591797,139.7314307539836,LOW,159.4465915702365
F02,Indiranagar,2025-03-19 18:00:00,151.72532653808594,154.92764352888997,LOW,176.2064618141895
F02,Indiranagar,2025-03-19 19:00:00,163.297607421875,162.92985085000467,LOW,186.30339734270476
F02,Indiranagar,2025-03-19 20:00:00,164.32943725585938,162.2314911188848,LOW,188.09260974958562
F02,Indiranagar,2025-03-19 21:00:00,162.2406005859375,159.08487601716618,LOW,182.00400682472042
F02,Indiranagar,2025-03-19 22:00:00,147.916015625,147.93827407082662,LOW,168.43930849602052
F02,Indiranagar,2025-03-19 23:00:00,133.53822326660156,133.48912354395824,LOW,152.12701366127834
F02,Indiranagar,2025-03-20 00:00:00,92.69977569580078,94.45991924208708,LOW,105.10647116940677
F02,Indiranagar,2025-03-20 01:00:00,92.61751556396484,92.68984557039859,LOW,104.58727097347814
F02,Indiranagar,2025-03-20 02:00:00,92.634521484375,94.3250418851567,LOW,105.02536774454576
F02,Indiranagar,2025-03-20 03:00:00,92.89286804199219,93.5975808221824,LOW,105.11949769772446
F02,Indiranagar,2025-03-20 04:00:00,93.77526092529297,95.34385388744552,LOW,105.85884407917284
F02,Indiranagar,2025-03-20 05:00:00,96.66283416748047,98.03819484450604,LOW,110.02326222686287
F02,Indiranagar,2025-03-20 06:00:00,109.06119537353516,109.41641452699483,LOW,122.72133634806592
F02,Indiranagar,2025-03-20 07:00:00,126.22383117675781,127.22621172705728,LOW,143.2008559146686
F02,Indiranagar,2025-03-20 08:00:00,137.7491455078125,140.3317908205101,LOW,158.23040820403486
F02,Indiranagar,2025-03-20 09:00:00,135.46588134765625,137.18135416913583,LOW,154.42823830169442
F02,Indiranagar,2025-03-20 10:00:00,128.89588928222656,126.04980410480478,LOW,142.02973223083401
F02,Indiranagar,2025-03-20 11:00:00,113.74613189697266,112.80256953929813,LOW,129.31169437594912
F02,Indiranagar,2025-03-20 12:00:00,108.09110260009766,106.47921514309874,LOW,120.52501288148856
F02,Indiranagar,2025-03-20 13:00:00,105.14875030517578,103.53445495465752,LOW,117.25391870438301
F02,Indiranagar,2025-03-20 14:00:00,105.28392028808594,105.16431403755713,LOW,119.58170986852575
F02,Indiranagar,2025-03-20 15:00:00,112.88510131835938,111.97719783996179,LOW,129.0671444797905
F02,Indiranagar,2025-03-20 16:00:00,125.36023712158203,126.40885907868146,LOW,143.00151876215367
F02,Indiranagar,2025-03-20 17:00:00,137.7974395751953,142.12417041847294,LOW,158.87990101087337
F02,Indiranagar,2025-03-20 18:00:00,157.6384735107422,153.2092909029264,LOW,174.9728796445396
F02,Indiranagar,2025-03-20 19:00:00,165.91110229492188,163.67108359123526,LOW,185.21316013108765
F02,Indiranagar,2025-03-20 20:00:00,165.33241271972656,167.93126416628718,LOW,186.54676543745703
F02,Indiranagar,2025-03-20 21:00:00,161.06687927246094,158.22660970430763,LOW,182.3863394168017
F02,Indiranagar,2025-03-20 22:00:00,147.05267333984375,150.69122178849634,LOW,168.69424849268216
F02,Indiranagar,2025-03-20 23:00:00,134.4352569580078,134.81355280398967,LOW,152.7757505435887
F02,Indiranagar,2025-03-21 00:00:00,92.93848419189453,95.07337027296224,LOW,104.700839559389
F02,Indiranagar,2025-03-21 01:00:00,92.6162338256836,95.25031251528618,LOW,105.07248569320024
F02,Indiranagar,2025-03-21 02:00:00,92.9418716430664,94.8521250287979,LOW,105.00169425237895
F02,Indiranagar,2025-03-21 03:00:00,92.88914489746094,94.67864462966526,LOW,105.20339396263977
F02,Indiranagar,2025-03-21 04:00:00,93.90039825439453,96.23496470230859,LOW,105.77531174359466
F02,Indiranagar,2025-03-21 05:00:00,96.94024658203125,99.59452822282078,LOW,110.1308499755669
F02,Indiranagar,2025-03-21 06:00:00,109.41680908203125,111.01968754416585,LOW,122.90452548346794
F02,Indiranagar,2025-03-21 07:00:00,127.60015869140625,128.8148245274431,LOW,143.36386783964284
F02,Indiranagar,2025-03-21 08:00:00,137.93508911132812,141.702049168955,LOW,158.27401569860538
F02,Indiranagar,2025-03-21 09:00:00,136.49009704589844,138.3505179706137,LOW,154.10809251119568
F02,Indiranagar,2025-03-21 10:00:00,129.06307983398438,126.68177564694341,LOW,141.2688607355723
F02,Indiranagar,2025-03-21 11:00:00,113.21495056152344,114.21042882201824,LOW,128.93815732759447
F02,Indiranagar,2025-03-21 12:00:00,108.77995300292969,106.95725179403536,LOW,119.87472595775739
F02,Indiranagar,2025-03-21 13:00:00,104.61863708496094,103.30736121573109,LOW,116.74496657804606
F02,Indiranagar,2025-03-21 14:00:00,106.05416870117188,106.01860626368361,LOW,120.9336711806413
F02,Indiranagar,2025-03-21 15:00:00,112.35994720458984,116.23825707331702,LOW,128.51779279030592
F02,Indiranagar,2025-03-21 16:00:00,129.32794189453125,126.68254710380765,LOW,142.7729241447975
F02,Indiranagar,2025-03-21 17:00:00,142.22454833984375,138.87338982448,LOW,159.83383805473406
F02,Indiranagar,2025-03-21 18:00:00,155.30242919921875,156.9110550975438,LOW,175.1003017408514
F02,Indiranagar,2025-03-21 19:00:00,167.50396728515625,163.19727404822487,LOW,184.60290145054216
F02,Indiranagar,2025-03-21 20:00:00,167.54917907714844,165.72042438963967,LOW,187.1426533839929
F02,Indiranagar,2025-03-21 21:00:00,162.0647430419922,162.97144982431445,LOW,181.9843934714756
F02,Indiranagar,2025-03-21 22:00:00,152.7226104736328,148.69637770225572,LOW,168.3148071582714
F02,Indiranagar,2025-03-21 23:00:00,133.89732360839844,135.55293558997678,LOW,152.08357150643624
F02,Indiranagar,2025-03-22 00:00:00,94.21442413330078,96.53081909879585,LOW,105.88380765063457
F02,Indiranagar,2025-03-22 01:00:00,94.05436706542969,96.35159519017583,LOW,105.80122176739881
F02,Indiranagar,2025-03-22 02:00:00,94.19672393798828,96.5295406634999,LOW,105.37300792476366
F02,Indiranagar,2025-03-22 03:00:00,94.36194610595703,96.31335887196809,LOW,105.86996188658036
F02,Indiranagar,2025-03-22 04:00:00,95.70743560791016,97.89646173182092,LOW,106.64623183092993
F02,Indiranagar,2025-03-22 05:00:00,98.40572357177734,100.35320066784381,LOW,110.12454580687908
F02,Indiranagar,2025-03-22 06:00:00,109.18180847167969,110.18424525853023,LOW,120.98124033003666
F02,Indiranagar,2025-03-22 07:00:00,127.03357696533203,127.24073468097615,LOW,139.95728953048416
F02,Indiranagar,2025-03-22 08:00:00,136.67173767089844,138.2511999432915,LOW,153.4418245276462
F02,Indiranagar,2025-03-22 09:00:00,135.3721466064453,138.53931680524389,LOW,152.45642785486618
F02,Indiranagar,2025-03-22 10:00:00,130.16867065429688,129.68142213798492,LOW,144.04786218694045
F02,Indiranagar,2025-03-22 11:00:00,119.27449035644531,119.31667742668786,LOW,130.35655349013618
F02,Indiranagar,2025-03-22 12:00:00,110.99974822998047,109.09791884264052,LOW,122.60817050643749
F02,Indiranagar,2025-03-22 13:00:00,106.5041275024414,105.87142849656942,LOW,118.68781890889667
F02,Indiranagar,2025-03-22 14:00:00,108.7574462890625,107.93986380969146,LOW,121.27940376663811
F02,Indiranagar,2025-03-22 15:00:00,117.38838958740234,116.67421202101576,LOW,130.04958109680732
F02,Indiranagar,2025-03-22 16:00:00,130.19461059570312,129.73487882131343,LOW,145.1378936166966
F02,Indiranagar,2025-03-22 17:00:00,140.24630737304688,145.42804567512275,LOW,161.81543130147008
F02,Indiranagar,2025-03-22 18:00:00,161.73391723632812,160.0952193415661,LOW,178.10581590113847
F02,Indiranagar,2025-03-22 19:00:00,168.82302856445312,168.69109710003772,LOW,190.0373618738963
F02,Indiranagar,2025-03-22 20:00:00,170.653076171875,173.74312697221043,LOW,192.51134572211657
F02,Indiranagar,2025-03-22 21:00:00,167.528564453125,166.14538688482904,LOW,185.1187539452604
F02,Indiranagar,2025-03-22 22:00:00,155.5286865234375,152.66873163047148,LOW,173.0171420892217
F02,Indiranagar,2025-03-22 23:00:00,135.96173095703125,139.43471198575958,LOW,154.86802595458192
F02,Indiranagar,2025-03-23 00:00:00,95.40641784667969,96.7001930591555,LOW,105.66481298794803
F02,Indiranagar,2025-03-23 01:00:00,95.4111557006836,97.42014300197522,LOW,105.35914477482515
F02,Indiranagar,2025-03-23 02:00:00,95.73872375488281,97.05267179158126,LOW,105.21826092237478
F02,Indiranagar,2025-03-23 03:00:00,95.76121520996094,96.63961937527851,LOW,105.55945909679986
F02,Indiranagar,2025-03-23 04:00:00,96.33683776855469,98.66753855520868,LOW,106.46660902497642
F02,Indiranagar,2025-03-23 05:00:00,98.72346496582031,100.50416074776705,LOW,109.98955847180379
F02,Indiranagar,2025-03-23 06:00:00,109.53575897216797,110.85117999770357,LOW,120.86051401272415
F02,Indiranagar,2025-03-23 07:00:00,128.278564453125,126.46321518363571,LOW,139.65353628449174
F02,Indiranagar,2025-03-23 08:00:00,136.95770263671875,140.4421838448986,LOW,153.69769147543212
F02,Indiranagar,2025-03-23 09:00:00,136.76242065429688,139.63714583942732,LOW,152.01606417656998
F02,Indiranagar,2025-03-23 10:00:00,130.99623107910156,131.47395881653318,LOW,143.03423478975648
F02,Indiranagar,2025-03-23 11:00:00,123.57759857177734,117.82053640770262,LOW,131.34029824924568
F02,Indiranagar,2025-03-23 12:00:00,112.18880462646484,109.30323582151915,LOW,122.52787965176385
F02,Indiranagar,2025-03-23 13:00:00,108.86895751953125,108.23034738074224,LOW,118.43261793735589
F02,Indiranagar,2025-03-23 14:00:00,110.68475341796875,109.10047776929129,LOW,120.8963789560415
F02,Indiranagar,2025-03-23 15:00:00,119.3150863647461,117.92670914847142,LOW,129.9794062977662
F02,Indiranagar,2025-03-23 16:00:00,129.7521209716797,130.33568851860977,LOW,144.00492800266647
F02,Indiranagar,2025-03-23 17:00:00,145.6898651123047,144.96614078132757,LOW,161.12513923389383
F02,Indiranagar,2025-03-23 18:00:00,161.1670379638672,161.5088511432822,LOW,178.4057644225451
F02,Indiranagar,2025-03-23 19:00:00,169.52621459960938,171.7005562049583,LOW,190.31276128396905
F02,Indiranagar,2025-03-23 20:00:00,172.45033264160156,174.5385602618564,LOW,192.397623573635
F02,Indiranagar,2025-03-23 21:00:00,166.58924865722656,169.11773405057144,LOW,184.81162487140458
F02,Indiranagar,2025-03-23 22:00:00,156.32130432128906,153.97381563741473,LOW,171.46184734931865
F02,Indiranagar,2025-03-23 23:00:00,139.16607666015625,140.09796419759553,LOW,154.67064166434957
F02,Indiranagar,2025-03-24 00:00:00,94.51385498046875,97.501298628148,LOW,105.76273756862506
F02,Indiranagar,2025-03-24 01:00:00,94.6662368774414,94.48500823870748,LOW,105.90189902103955
F02,Indiranagar,2025-03-24 02:00:00,94.4441909790039,96.0943632935193,LOW,105.22473175605246
F02,Indiranagar,2025-03-24 03:00:00,94.67724609375,96.62497913039098,LOW,105.68942304310163
F02,Indiranagar,2025-03-24 04:00:00,96.1513900756836,98.72510122529553,LOW,106.16267009921424
F02,Indiranagar,2025-03-24 05:00:00,99.08912658691406,102.21371162737427,LOW,110.54246853350057
F02,Indiranagar,2025-03-24 06:00:00,111.12165069580078,112.08284349668521,LOW,123.65039018759515
F02,Indiranagar,2025-03-24 07:00:00,128.392578125,132.8761024403998,LOW,144.6391334125197
F02,Indiranagar,2025-03-24 08:00:00,139.78831481933594,145.52194516838756,LOW,159.32735193413663
F02,Indiranagar,2025-03-24 09:00:00,137.96295166015625,142.3596907622544,LOW,155.64100890823775
F02,Indiranagar,2025-03-24 10:00:00,130.6031036376953,129.71656863932566,LOW,143.51828926029708
F02,Indiranagar,2025-03-24 11:00:00,120.6451187133789,117.28170054572418,LOW,130.21887165927072
F02,Indiranagar,2025-03-24 12:00:00,110.0073471069336,108.94977736535822,LOW,121.40075221957647
F02,Indiranagar,2025-03-24 13:00:00,108.32799530029297,105.29559105762559,LOW,118.4046527286761
F02,Indiranagar,2025-03-24 14:00:00,109.41708374023438,108.88389406218491,LOW,121.51924081131116
F02,Indiranagar,2025-03-24 15:00:00,117.89612579345703,115.2714839455145,LOW,130.07456690417033
F02,Indiranagar,2025-03-24 16:00:00,129.24058532714844,129.155160779808,LOW,142.99910768345256
F02,Indiranagar,2025-03-24 17:00:00,144.40582275390625,145.32495568310307,LOW,160.24659945283005
F02,Indiranagar,2025-03-24 18:00:00,159.91236877441406,157.6097843471295,LOW,177.36180048047711
F02,Indiranagar,2025-03-24 19:00:00,170.62994384765625,169.47088679372334,LOW,188.05297924642815
F02,Indiranagar,2025-03-24 20:00:00,170.5040283203125,169.42927780321648,LOW,190.2862940413041
F02,Indiranagar,2025-03-24 21:00:00,164.08734130859375,165.4605538235146,LOW,183.56959042295858
F02,Indiranagar,2025-03-24 22:00:00,153.220947265625,152.22884142440165,LOW,169.7642399284215
F02,Indiranagar,2025-03-24 23:00:00,138.05584716796875,136.97229754828516,LOW,153.55749556135032
F02,Indiranagar,2025-03-25 00:00:00,94.65424346923828,97.807874137118,LOW,105.33858715339181
F02,Indiranagar,2025-03-25 01:00:00,93.15545654296875,98.02885303345525,LOW,105.39885980021207
F02,Indiranagar,2025-03-25 02:00:00,94.98870849609375,96.81611993590118,LOW,105.47257681669662
F02,Indiranagar,2025-03-25 03:00:00,95.07896423339844,97.0435702508435,LOW,105.54431703861387
F02,Indiranagar,2025-03-25 04:00:00,96.71436309814453,98.39684487880452,LOW,106.80085490073495
F02,Indiranagar,2025-03-25 05:00:00,100.98482513427734,102.50226418319764,LOW,110.67997774169412
F02,Indiranagar,2025-03-25 06:00:00,111.61931610107422,113.87334374155189,LOW,123.52356114960153
F02,Indiranagar,2025-03-25 07:00:00,132.0859375,132.59829699406527,LOW,144.28002022821232
F02,Indiranagar,2025-03-25 08:00:00,143.0183563232422,146.40209392529408,LOW,158.52647777558815
F02,Indiranagar,2025-03-25 09:00:00,140.13157653808594,142.41615892997842,LOW,155.6792943827515
F02,Indiranagar,2025-03-25 10:00:00,130.7327880859375,131.08785890302858,LOW,142.4708498670685
F02,Indiranagar,2025-03-25 11:00:00,121.34156036376953,116.95230958120285,LOW,129.40441921973706
F02,Indiranagar,2025-03-25 12:00:00,111.97201538085938,110.79645307648198,LOW,120.54319524553368
F02,Indiranagar,2025-03-25 13:00:00,108.77506256103516,108.14740645308721,LOW,117.53273570358351
F02,Indiranagar,2025-03-25 14:00:00,111.0206298828125,107.46933617949112,LOW,121.64107607834922
F02,Indiranagar,2025-03-25 15:00:00,117.36371612548828,119.04242551146609,LOW,130.14052134752313
F02,Indiranagar,2025-03-25 16:00:00,130.21629333496094,130.41634312719958,LOW,143.85937022828722
F02,Indiranagar,2025-03-25 17:00:00,145.3256378173828,144.08769065450582,LOW,160.63930001461716
F02,Indiranagar,2025-03-25 18:00:00,160.3426055908203,162.02522539860996,LOW,175.93713914797937
F02,Indiranagar,2025-03-25 19:00:00,168.33602905273438,168.61811397495723,LOW,187.62221453884587
F02,Indiranagar,2025-03-25 20:00:00,169.1875457763672,172.2284822945627,LOW,189.6091206401373
F02,Indiranagar,2025-03-25 21:00:00,164.2180633544922,167.17590853795417,LOW,183.17928817694906
F02,Indiranagar,2025-03-25 22:00:00,154.08792114257812,151.73320076670845,LOW,169.7431272615001
F02,Indiranagar,2025-03-25 23:00:00,137.62051391601562,140.07487036233107,LOW,152.75231155446585
F02,Indiranagar,2025-03-26 00:00:00,95.1270751953125,98.35714747510767,LOW,105.43821746468583
F02,Indiranagar,2025-03-26 01:00:00,95.61823272705078,98.41950688013941,LOW,105.03409480492265
F02,Indiranagar,2025-03-26 02:00:00,95.51546478271484,98.37605817191466,LOW,105.06005317381577
F02,Indiranagar,2025-03-26 03:00:00,95.31671905517578,98.09744182289029,LOW,105.32178176820236
F02,Indiranagar,2025-03-26 04:00:00,96.6735610961914,99.43167034412191,LOW,105.95523948133273
F02,Indiranagar,2025-03-26 05:00:00,100.92638397216797,103.1049594767656,LOW,110.1315844922898
F02,Indiranagar,2025-03-26 06:00:00,114.2632827758789,115.18359626514638,LOW,122.99413270182134
F02,Indiranagar,2025-03-26 07:00:00,131.4007110595703,132.27278364060777,LOW,143.70639032451908
F02,Indiranagar,2025-03-26 08:00:00,143.7250518798828,147.8319628249742,LOW,158.7905991838159
F02,Indiranagar,2025-03-26 09:00:00,140.02883911132812,144.27273761958804,LOW,154.5616826775156
F02,Indiranagar,2025-03-26 10:00:00,131.1585235595703,138.11634582248595,LOW,142.1554351988758
F02,Indiranagar,2025-03-26 11:00:00,120.22930145263672,124.34316472730657,LOW,129.41451937229058
F02,Indiranagar,2025-03-26 12:00:00,112.10196685791016,119.73235386258614,LOW,120.75558301582352
F02,Indiranagar,2025-03-26 13:00:00,110.89000701904297,114.8706367626392,LOW,117.25574992091087
F02,Indiranagar,2025-03-26 14:00:00,110.966796875,115.4527280632764,LOW,120.7643563273532
F02,Indiranagar,2025-03-26 15:00:00,122.12107849121094,125.0422525884686,LOW,128.66497810075805
F02,Indiranagar,2025-03-26 16:00:00,131.45382690429688,138.85122765307682,LOW,143.1015656637545
F02,Indiranagar,2025-03-26 17:00:00,144.19464111328125,155.09558740150382,LOW,159.4465915702365
F02,Indiranagar,2025-03-26 18:00:00,164.2618865966797,169.1644219418848,LOW,176.2064618141895
F02,Indiranagar,2025-03-26 19:00:00,167.46255493164062,175.62172751098387,LOW,186.30339734270476
F02,Indiranagar,2025-03-26 20:00:00,171.5209197998047,177.7640227678774,LOW,188.09260974958562
F02,Indiranagar,2025-03-26 21:00:00,167.5432891845703,177.63529949519454,LOW,182.00400682472042
F02,Indiranagar,2025-03-26 22:00:00,155.44187927246094,162.98285210143587,LOW,168.43930849602052
F02,Indiranagar,2025-03-26 23:00:00,140.7573699951172,149.59527375536425,LOW,152.12701366127834
F02,Indiranagar,2025-03-27 00:00:00,95.42876434326172,99.83931771364155,LOW,105.10647116940677
F02,Indiranagar,2025-03-27 01:00:00,96.04719543457031,99.20619402365331,LOW,104.58727097347814
F02,Indiranagar,2025-03-27 02:00:00,95.35803985595703,98.0054054496621,LOW,105.02536774454576
F02,Indiranagar,2025-03-27 03:00:00,95.42837524414062,99.64818805031521,LOW,105.11949769772446
F02,Indiranagar,2025-03-27 04:00:00,97.74574279785156,99.9230279862975,LOW,105.85884407917284
F02,Indiranagar,2025-03-27 05:00:00,101.12794494628906,103.68148534741094,LOW,110.02326222686287
F02,Indiranagar,2025-03-27 06:00:00,113.85680389404297,114.94282600834555,LOW,122.72133634806592
F02,Indiranagar,2025-03-27 07:00:00,130.2554473876953,135.42535121597112,LOW,143.2008559146686
F02,Indiranagar,2025-03-27 08:00:00,145.83517456054688,148.1458833126675,LOW,158.23040820403486
F02,Indiranagar,2025-03-27 09:00:00,142.91986083984375,144.3258626371168,LOW,154.42823830169442
F02,Indiranagar,2025-03-27 10:00:00,135.6968994140625,139.13628848672275,LOW,142.02973223083401
F02,Indiranagar,2025-03-27 11:00:00,128.0518035888672,126.069537482631,LOW,129.31169437594912
F02,Indiranagar,2025-03-27 12:00:00,119.17211151123047,115.41813937896029,LOW,120.52501288148856
F02,Indiranagar,2025-03-27 13:00:00,115.40341186523438,114.28469597913084,LOW,117.25391870438301
F02,Indiranagar,2025-03-27 14:00:00,116.66366577148438,116.71624240741008,LOW,119.58170986852575
F02,Indiranagar,2025-03-27 15:00:00,124.92913818359375,127.82265246030587,LOW,129.0671444797905
F02,Indiranagar,2025-03-27 16:00:00,138.14871215820312,140.60927368466037,LOW,143.00151876215367
F02,Indiranagar,2025-03-27 17:00:00,156.06063842773438,154.28086065040657,LOW,158.87990101087337
F02,Indiranagar,2025-03-27 18:00:00,168.1061248779297,166.74048579408083,LOW,174.9728796445396
F02,Indiranagar,2025-03-27 19:00:00,173.77122497558594,178.93816676145278,LOW,185.21316013108765
F02,Indiranagar,2025-03-27 20:00:00,174.59776306152344,180.1405530491483,LOW,186.54676543745703
F02,Indiranagar,2025-03-27 21:00:00,171.8956756591797,171.57601408412108,LOW,182.3863394168017
F02,Indiranagar,2025-03-27 22:00:00,162.56549072265625,163.36039487238696,LOW,168.69424849268216
F02,Indiranagar,2025-03-27 23:00:00,150.80459594726562,144.15541535103793,LOW,152.7757505435887
F02,Indiranagar,2025-03-28 00:00:00,96.94418334960938,99.35834469605929,LOW,104.700839559389
F02,Indiranagar,2025-03-28 01:00:00,97.5097885131836,99.61833254625665,LOW,105.07248569320024
F02,Indiranagar,2025-03-28 02:00:00,95.56318664550781,100.40528333825688,LOW,105.00169425237895
F02,Indiranagar,2025-03-28 03:00:00,97.0783462524414,99.94295648754331,LOW,105.20339396263977
F02,Indiranagar,2025-03-28 04:00:00,97.96925354003906,101.07982089324064,LOW,105.77531174359466
F02,Indiranagar,2025-03-28 05:00:00,101.25589752197266,104.6966140334102,LOW,110.1308499755669
F02,Indiranagar,2025-03-28 06:00:00,116.71920776367188,116.51564655564526,LOW,122.90452548346794
F02,Indiranagar,2025-03-28 07:00:00,132.43890380859375,136.09698149472155,LOW,143.36386783964284
F02,Indiranagar,2025-03-28 08:00:00,146.25222778320312,150.0219019185846,LOW,158.27401569860538
F02,Indiranagar,2025-03-28 09:00:00,142.98880004882812,145.98113652328743,LOW,154.10809251119568
F02,Indiranagar,2025-03-28 10:00:00,135.90408325195312,137.27411187576814,LOW,141.2688607355723
F02,Indiranagar,2025-03-28 11:00:00,127.14039611816406,126.47396997771516,LOW,128.93815732759447
F02,Indiranagar,2025-03-28 12:00:00,117.16279602050781,119.76652713438467,LOW,119.87472595775739
F02,Indiranagar,2025-03-28 13:00:00,115.44457244873047,118.32913430527708,LOW,116.74496657804606
F02,Indiranagar,2025-03-28 14:00:00,117.80706787109375,118.94574281718306,LOW,120.9336711806413
F02,Indiranagar,2025-03-28 15:00:00,127.22499084472656,126.19397255288554,LOW,128.51779279030592
F02,Indiranagar,2025-03-28 16:00:00,138.45986938476562,141.81309384365,LOW,142.7729241447975
F02,Indiranagar,2025-03-28 17:00:00,154.16763305664062,154.37948634255403,LOW,159.83383805473406
F02,Indiranagar,2025-03-28 18:00:00,167.20693969726562,166.6359323975941,LOW,175.1003017408514
F02,Indiranagar,2025-03-28 19:00:00,173.5846405029297,176.963591099273,LOW,184.60290145054216
F02,Indiranagar,2025-03-28 20:00:00,176.7890625,181.21078854590746,LOW,187.1426533839929
F02,Indiranagar,2025-03-28 21:00:00,171.12974548339844,178.96589342100012,LOW,181.9843934714756
F02,Indiranagar,2025-03-28 22:00:00,163.68228149414062,165.9502374658057,LOW,168.3148071582714
F02,Indiranagar,2025-03-28 23:00:00,147.93771362304688,146.66672757960723,LOW,152.08357150643624
F02,Indiranagar,2025-03-29 00:00:00,98.18802642822266,101.09525319294833,LOW,105.88380765063457
F02,Indiranagar,2025-03-29 01:00:00,98.37818145751953,100.58777323943262,LOW,105.80122176739881
F02,Indiranagar,2025-03-29 02:00:00,99.14395904541016,102.64716136959309,LOW,105.37300792476366
F02,Indiranagar,2025-03-29 03:00:00,98.63802337646484,101.97849918033178,LOW,105.86996188658036
F02,Indiranagar,2025-03-29 04:00:00,99.96513366699219,103.06053455007041,LOW,106.64623183092993
F02,Indiranagar,2025-03-29 05:00:00,104.11930084228516,105.88093447324015,LOW,110.12454580687908
F02,Indiranagar,2025-03-29 06:00:00,117.77928161621094,117.4352377831134,LOW,120.98124033003666
F02,Indiranagar,2025-03-29 07:00:00,132.73106384277344,133.66619271890104,LOW,139.95728953048416
F02,Indiranagar,2025-03-29 08:00:00,146.2228546142578,146.74325016861275,LOW,153.4418245276462
F02,Indiranagar,2025-03-29 09:00:00,143.172607421875,146.09695025165468,LOW,152.45642785486618
F02,Indiranagar,2025-03-29 10:00:00,137.56256103515625,134.6073722192487,LOW,144.04786218694045
F02,Indiranagar,2025-03-29 11:00:00,128.50271606445312,124.10683131860864,LOW,130.35655349013618
F02,Indiranagar,2025-03-29 12:00:00,120.55868530273438,115.56815225118761,LOW,122.60817050643749
F02,Indiranagar,2025-03-29 13:00:00,118.8460922241211,112.7915338223198,LOW,118.68781890889667
F02,Indiranagar,2025-03-29 14:00:00,119.66981506347656,113.7854810382976,LOW,121.27940376663811
F02,Indiranagar,2025-03-29 15:00:00,125.11932373046875,122.45262747181701,LOW,130.04958109680732
F02,Indiranagar,2025-03-29 16:00:00,138.0587158203125,136.68798191719645,LOW,145.1378936166966
F02,Indiranagar,2025-03-29 17:00:00,153.1868438720703,151.9214320882075,LOW,161.81543130147008
F02,Indiranagar,2025-03-29 18:00:00,168.3174591064453,169.03816865130224,LOW,178.10581590113847
F02,Indiranagar,2025-03-29 19:00:00,174.65965270996094,179.30222971470465,LOW,190.0373618738963
F02,Indiranagar,2025-03-29 20:00:00,178.7353515625,181.60041003954632,LOW,192.51134572211657
F02,Indiranagar,2025-03-29 21:00:00,172.84242248535156,175.75675337448354,LOW,185.1187539452604
F02,Indiranagar,2025-03-29 22:00:00,164.9716796875,161.68817721023422,LOW,173.0171420892217
F02,Indiranagar,2025-03-29 23:00:00,148.03492736816406,146.12652455394857,LOW,154.86802595458192
F02,Indiranagar,2025-03-30 00:00:00,98.695556640625,102.9377942865487,LOW,105.66481298794803
F02,Indiranagar,2025-03-30 01:00:00,98.83793640136719,100.78420940268285,LOW,105.35914477482515
F02,Indiranagar,2025-03-30 02:00:00,100.67711639404297,102.71562049601769,LOW,105.21826092237478
F02,Indiranagar,2025-03-30 03:00:00,100.43473815917969,102.81160720583894,LOW,105.55945909679986
F02,Indiranagar,2025-03-30 04:00:00,100.91459655761719,101.91509575301227,LOW,106.46660902497642
F02,Indiranagar,2025-03-30 05:00:00,104.46734619140625,105.99685774668183,LOW,109.98955847180379
F02,Indiranagar,2025-03-30 06:00:00,119.83959197998047,116.4925899175091,LOW,120.86051401272415
F02,Indiranagar,2025-03-30 07:00:00,132.42636108398438,133.84595791221147,LOW,139.65353628449174
F02,Indiranagar,2025-03-30 08:00:00,144.16058349609375,149.60552777691362,LOW,153.69769147543212
F02,Indiranagar,2025-03-30 09:00:00,143.6295623779297,148.03016827943426,LOW,152.01606417656998
F02,Indiranagar,2025-03-30 10:00:00,134.5699005126953,135.53414883259438,LOW,143.03423478975648
F02,Indiranagar,2025-03-30 11:00:00,127.34693908691406,125.64222912204814,LOW,131.34029824924568
F02,Indiranagar,2025-03-30 12:00:00,117.53451538085938,116.852932147601,LOW,122.52787965176385
F02,Indiranagar,2025-03-30 13:00:00,112.98844146728516,114.5204775926045,LOW,118.43261793735589
F02,Indiranagar,2025-03-30 14:00:00,116.73104858398438,115.84413884815923,LOW,120.8963789560415
F02,Indiranagar,2025-03-30 15:00:00,125.6612319946289,126.0552373563007,LOW,129.9794062977662
F02,Indiranagar,2025-03-30 16:00:00,136.12664794921875,138.04954147039456,LOW,144.00492800266647
F02,Indiranagar,2025-03-30 17:00:00,150.80677795410156,154.569289112497,LOW,161.12513923389383
F02,Indiranagar,2025-03-30 18:00:00,169.7395477294922,170.50397430055264,LOW,178.4057644225451
F02,Indiranagar,2025-03-30 19:00:00,177.62469482421875,180.36120227138048,LOW,190.31276128396905
F02,Indiranagar,2025-03-30 20:00:00,176.53453063964844,182.6731251543919,LOW,192.397623573635
F02,Indiranagar,2025-03-30 21:00:00,172.5601043701172,177.0641953319596,LOW,184.81162487140458
F02,Indiranagar,2025-03-30 22:00:00,163.8403778076172,164.82134369785572,LOW,171.46184734931865
F02,Indiranagar,2025-03-30 23:00:00,149.68023681640625,148.00558505797105,LOW,154.67064166434957
F02,Indiranagar,2025-03-31 00:00:00,100.00506591796875,101.47853356658571,LOW,105.76273756862506
F02,Indiranagar,2025-03-31 01:00:00,97.35567474365234,100.93497849632048,LOW,105.90189902103955
F02,Indiranagar,2025-03-31 02:00:00,99.73324584960938,103.46345838815239,LOW,105.22473175605246
F02,Indiranagar,2025-03-31 03:00:00,99.78240966796875,101.60833775540404,LOW,105.68942304310163
F02,Indiranagar,2025-03-31 04:00:00,99.92926025390625,102.92163320691353,LOW,106.16267009921424
F02,Indiranagar,2025-03-31 05:00:00,104.34513854980469,108.14651990320952,LOW,110.54246853350057
F02,Indiranagar,2025-03-31 06:00:00,119.16848754882812,120.18454411662044,LOW,123.65039018759515
F02,Indiranagar,2025-03-31 07:00:00,134.49737548828125,139.9770122968936,LOW,144.6391334125197
F02,Indiranagar,2025-03-31 08:00:00,150.63409423828125,153.66439597537942,LOW,159.32735193413663
F02,Indiranagar,2025-03-31 09:00:00,145.35836791992188,149.31374789945033,LOW,155.64100890823775
F02,Indiranagar,2025-03-31 10:00:00,134.253173828125,137.29995181067704,LOW,143.51828926029708
F02,Indiranagar,2025-03-31 11:00:00,127.41693115234375,124.7495243590085,LOW,130.21887165927072
F02,Indiranagar,2025-03-31 12:00:00,117.89380645751953,116.18939523366195,LOW,121.40075221957647
F02,Indiranagar,2025-03-31 13:00:00,116.25231170654297,112.58286646345096,LOW,118.4046527286761
F02,Indiranagar,2025-03-31 14:00:00,116.95161437988281,116.57716612001774,LOW,121.51924081131116
F02,Indiranagar,2025-03-31 15:00:00,126.49478149414062,122.89803898610855,LOW,130.07456690417033
F02,Indiranagar,2025-03-31 16:00:00,137.11802673339844,139.0712074640413,LOW,142.99910768345256
F02,Indiranagar,2025-03-31 17:00:00,154.6479949951172,153.42541076523895,LOW,160.24659945283005
F02,Indiranagar,2025-03-31 18:00:00,168.96998596191406,169.64581363580976,LOW,177.36180048047711
F02,Indiranagar,2025-03-31 19:00:00,175.6495819091797,178.83653388984996,LOW,188.05297924642815
F02,Indiranagar,2025-03-31 20:00:00,174.8140411376953,182.97306703108097,LOW,190.2862940413041
F02,Indiranagar,2025-03-31 21:00:00,171.4275665283203,172.8871606209505,LOW,183.56959042295858
F02,Indiranagar,2025-03-31 22:00:00,162.31324768066406,164.17056756785004,LOW,169.7642399284215
F02,Indiranagar,2025-03-31 23:00:00,149.1110076904297,147.27848226594915,LOW,153.55749556135032
F03,Whitefield,2025-03-17 00:00:00,79.4696273803711,80.23883086954757,LOW,92.33672832303334
F03,Whitefield,2025-03-17 01:00:00,79.73171997070312,80.96528598265296,LOW,92.19240332871146
F03,Whitefield,2025-03-17 02:00:00,79.7339859008789,80.30631289044987,LOW,92.5225013589305
F03,Whitefield,2025-03-17 03:00:00,79.93131256103516,80.59464229546957,LOW,92.40861923094954
F03,Whitefield,2025-03-17 04:00:00,81.1750717163086,81.0127551610961,LOW,93.24644335219682
F03,Whitefield,2025-03-17 05:00:00,83.29120635986328,84.92738765708984,LOW,97.4993240810053
F03,Whitefield,2025-03-17 06:00:00,94.38948059082031,95.3946945832086,LOW,110.95013306960678
F03,Whitefield,2025-03-17 07:00:00,110.30147552490234,114.43054630429496,LOW,132.28620481370467
F03,Whitefield,2025-03-17 08:00:00,123.8218765258789,127.00068804736047,LOW,146.6014119675811
F03,Whitefield,2025-03-17 09:00:00,121.02403259277344,122.5044052843494,LOW,141.45315064842822
F03,Whitefield,2025-03-17 10:00:00,108.15672302246094,108.34869120860886,LOW,124.98461818329892
F03,Whitefield,2025-03-17 11:00:00,97.14966583251953,96.93131479667538,LOW,110.54972405102811
F03,Whitefield,2025-03-17 12:00:00,89.3853530883789,90.50945485720162,LOW,102.93508955766875
F03,Whitefield,2025-03-17 13:00:00,87.30793762207031,87.3060926821916,LOW,100.98728082220424
F03,Whitefield,2025-03-17 14:00:00,91.02547454833984,90.51991688504788,LOW,104.18813489192493
F03,Whitefield,2025-03-17 15:00:00,97.4692611694336,97.80623047851593,LOW,113.14503721462253
F03,Whitefield,2025-03-17 16:00:00,109.63481903076172,110.25513831531451,LOW,126.21069107734934
F03,Whitefield,2025-03-17 17:00:00,124.34068298339844,124.11241155960263,LOW,142.72600881323515
F03,Whitefield,2025-03-17 18:00:00,137.90061950683594,136.4624122477801,LOW,158.78686138269646
F03,Whitefield,2025-03-17 19:00:00,146.0378875732422,146.71377158246023,LOW,169.98404101115295
F03,Whitefield,2025-03-17 20:00:00,149.17044067382812,147.8553144607563,LOW,172.41749631496785
F03,Whitefield,2025-03-17 21:00:00,144.2999267578125,141.61460670349743,LOW,166.06149964549735
F03,Whitefield,2025-03-17 22:00:00,134.11636352539062,132.08193601117043,LOW,153.069321530339
F03,Whitefield,2025-03-17 23:00:00,120.27759552001953,117.74593870725481,LOW,137.1566553853586
F03,Whitefield,2025-03-18 00:00:00,79.64654541015625,80.94408481637905,LOW,92.03120742192259
F03,Whitefield,2025-03-18 01:00:00,80.3892822265625,81.15776409135997,LOW,92.05747985160718
F03,Whitefield,2025-03-18 02:00:00,79.62957000732422,80.2762308462887,LOW,91.9186329488555
F03,Whitefield,2025-03-18 03:00:00,80.44184875488281,81.2306243147606,LOW,92.35354766973482
F03,Whitefield,2025-03-18 04:00:00,81.08867645263672,81.28584565822199,LOW,93.05750936917359
F03,Whitefield,2025-03-18 05:00:00,85.04521942138672,85.57767604184782,LOW,97.2589211423928
F03,Whitefield,2025-03-18 06:00:00,95.37091827392578,96.59576831110633,LOW,110.24974844828844
F03,Whitefield,2025-03-18 07:00:00,112.87924194335938,114.21473714501994,LOW,131.9922463217372
F03,Whitefield,2025-03-18 08:00:00,124.95928192138672,127.78954163249936,LOW,146.51472207119787
F03,Whitefield,2025-03-18 09:00:00,121.96427917480469,123.81956265915365,LOW,141.17989156690152
F03,Whitefield,2025-03-18 10:00:00,108.88334655761719,110.15156420011563,LOW,124.47695386900776
F03,Whitefield,2025-03-18 11:00:00,97.3842544555664,95.93897432032401,LOW,110.5819961548978
F03,Whitefield,2025-03-18 12:00:00,90.13301849365234,90.67220778952715,LOW,102.95071998775354
F03,Whitefield,2025-03-18 13:00:00,87.01567077636719,88.09612317420107,LOW,100.57483456279492
F03,Whitefield,2025-03-18 14:00:00,89.83344268798828,91.21159326476807,LOW,103.81501585132828
F03,Whitefield,2025-03-18 15:00:00,96.90496063232422,98.60787757231101,LOW,112.7561885831514
F03,Whitefield,2025-03-18 16:00:00,110.18621063232422,109.32935978200965,LOW,126.35557581524529
F03,Whitefield,2025-03-18 17:00:00,123.4529800415039,124.54475337806224,LOW,142.39993281695237
F03,Whitefield,2025-03-18 18:00:00,137.03379821777344,136.4214662206237,LOW,158.4746379319072
F03,Whitefield,2025-03-18 19:00:00,146.766357421875,146.46516925991048,LOW,168.75965133744504
F03,Whitefield,2025-03-18 20:00:00,147.77114868164062,149.5162715484739,LOW,171.75339888435195
F03,Whitefield,2025-03-18 21:00:00,140.94264221191406,144.55603770810995,LOW,165.5419359493467
F03,Whitefield,2025-03-18 22:00:00,132.43853759765625,132.22327155389056,LOW,152.57855980848595
F03,Whitefield,2025-03-18 23:00:00,118.89569854736328,119.15843308160782,LOW,136.99456458195135
F03,Whitefield,2025-03-19 00:00:00,80.47464752197266,81.07904873435514,LOW,91.98047944103662
F03,Whitefield,2025-03-19 01:00:00,80.36685180664062,81.17147039633302,LOW,91.61852063801958
F03,Whitefield,2025-03-19 02:00:00,79.63980865478516,81.95148338978096,LOW,91.36541498406118
F03,Whitefield,2025-03-19 03:00:00,80.44351959228516,80.9748198767199,LOW,91.81880916844436
F03,Whitefield,2025-03-19 04:00:00,81.04393005371094,81.58055949498363,LOW,92.63853948786489
F03,Whitefield,2025-03-19 05:00:00,85.02896118164062,86.7346580300454,LOW,97.14801633412331
F03,Whitefield,2025-03-19 06:00:00,95.61676025390625,96.5897956205463,LOW,110.06971462654813
F03,Whitefield,2025-03-19 07:00:00,112.77643585205078,115.44185745363245,LOW,131.34182486030622
F03,Whitefield,2025-03-19 08:00:00,125.42549896240234,128.99385449225218,LOW,145.82677892349574
F03,Whitefield,2025-03-19 09:00:00,122.4586410522461,123.129956248448,LOW,140.88295339886702
F03,Whitefield,2025-03-19 10:00:00,110.48143005371094,109.51065947954723,LOW,124.28556311467042
F03,Whitefield,2025-03-19 11:00:00,95.90806579589844,97.99655765887337,LOW,109.86713131758012
F03,Whitefield,2025-03-19 12:00:00,90.141845703125,90.88372713517006,LOW,102.56343472625686
F03,Whitefield,2025-03-19 13:00:00,87.85394287109375,88.88778276319016,LOW,100.46464058330567
F03,Whitefield,2025-03-19 14:00:00,90.86445617675781,91.41493174787807,LOW,103.73267322039824
F03,Whitefield,2025-03-19 15:00:00,97.29840850830078,97.77784719104774,LOW,112.37039343391449
F03,Whitefield,2025-03-19 16:00:00,109.31297302246094,110.70744392275165,LOW,125.92651463768225
F03,Whitefield,2025-03-19 17:00:00,123.8097152709961,125.16506216924063,LOW,142.26778848986172
F03,Whitefield,2025-03-19 18:00:00,137.52622985839844,139.13576825971606,LOW,157.95330505332416
F03,Whitefield,2025-03-19 19:00:00,147.2391815185547,148.15867209032083,LOW,168.86582491295928
F03,Whitefield,2025-03-19 20:00:00,148.19215393066406,150.4101165566499,LOW,171.39442685489988
F03,Whitefield,2025-03-19 21:00:00,145.0850830078125,144.93276698299664,LOW,165.1797314525068
F03,Whitefield,2025-03-19 22:00:00,132.7607421875,132.83645579302492,LOW,152.41759349978503
F03,Whitefield,2025-03-19 23:00:00,119.13310241699219,119.21229977149994,LOW,136.41225411200747
F03,Whitefield,2025-03-20 00:00:00,80.25814056396484,82.1925422680109,LOW,91.80590474600612
F03,Whitefield,2025-03-20 01:00:00,80.29450988769531,82.14647950576915,LOW,91.57967324557681
F03,Whitefield,2025-03-20 02:00:00,80.73735046386719,81.57480360547181,LOW,91.37142170355695
F03,Whitefield,2025-03-20 03:00:00,80.34255981445312,81.79210976035444,LOW,91.56925716540663
F03,Whitefield,2025-03-20 04:00:00,81.28874969482422,83.35118794295505,LOW,92.53069492474336
F03,Whitefield,2025-03-20 05:00:00,86.47500610351562,86.22715058064823,LOW,96.89274419293334
F03,Whitefield,2025-03-20 06:00:00,95.31981658935547,96.72965692214342,LOW,110.02401002224519
F03,Whitefield,2025-03-20 07:00:00,113.7525863647461,115.56872064502676,LOW,131.05548489837335
F03,Whitefield,2025-03-20 08:00:00,126.54056549072266,129.34551586045265,LOW,145.8464108056238
F03,Whitefield,2025-03-20 09:00:00,122.38848114013672,124.48599292100637,LOW,140.57888016791543
F03,Whitefield,2025-03-20 10:00:00,110.0385971069336,110.82130030058492,LOW,124.35466955966476
F03,Whitefield,2025-03-20 11:00:00,97.70213317871094,97.5149506383357,LOW,109.81459637820198
F03,Whitefield,2025-03-20 12:00:00,91.10063171386719,90.51036772516477,LOW,102.23987283816354
F03,Whitefield,2025-03-20 13:00:00,88.1596908569336,88.92342532796438,LOW,100.19398660178385
F03,Whitefield,2025-03-20 14:00:00,91.0395736694336,91.98655677424568,LOW,103.59636405628015
F03,Whitefield,2025-03-20 15:00:00,96.91787719726562,99.2404284459142,LOW,112.26200937247282
F03,Whitefield,2025-03-20 16:00:00,109.78343963623047,111.10455327668504,LOW,125.38064588968481
F03,Whitefield,2025-03-20 17:00:00,124.72106170654297,126.32534728724393,LOW,141.82872784433087
F03,Whitefield,2025-03-20 18:00:00,138.61859130859375,139.61560218332832,LOW,157.72968113957938
F03,Whitefield,2025-03-20 19:00:00,147.53628540039062,149.18840551840412,LOW,168.89399698542087
F03,Whitefield,2025-03-20 20:00:00,149.76052856445312,151.1349695763811,LOW,170.80187737284314
F03,Whitefield,2025-03-20 21:00:00,144.7147216796875,145.70575159127915,LOW,164.9471171818635
F03,Whitefield,2025-03-20 22:00:00,132.99832153320312,134.0510026135136,LOW,152.40324089098308
F03,Whitefield,2025-03-20 23:00:00,119.26304626464844,119.51396896107993,LOW,136.29018009281413
F03,Whitefield,2025-03-21 00:00:00,81.63128662109375,81.41409741167978,LOW,91.50507905178777
F03,Whitefield,2025-03-21 01:00:00,81.53490447998047,82.30850382061764,LOW,91.3709302064617
F03,Whitefield,2025-03-21 02:00:00,80.56101989746094,82.50039705703526,LOW,91.28637890743326
F03,Whitefield,2025-03-21 03:00:00,80.6234130859375,82.64615585205188,LOW,91.58508795117572
F03,Whitefield,2025-03-21 04:00:00,82.51478576660156,84.08866526383008,LOW,92.33814014444819
F03,Whitefield,2025-03-21 05:00:00,86.38687133789062,86.80037760575475,LOW,96.56121369137166
F03,Whitefield,2025-03-21 06:00:00,95.32381439208984,98.75268663275031,LOW,110.02532680576465
F03,Whitefield,2025-03-21 07:00:00,114.45536804199219,116.79020381199683,LOW,130.9616540087018
F03,Whitefield,2025-03-21 08:00:00,126.90530395507812,130.1766926903179,LOW,145.5491524691063
F03,Whitefield,2025-03-21 09:00:00,123.0014419555664,124.407662480806,LOW,140.1964856906397
F03,Whitefield,2025-03-21 10:00:00,110.02183532714844,112.04705600009159,LOW,123.68567779256773
F03,Whitefield,2025-03-21 11:00:00,96.88470458984375,98.24262813499456,LOW,109.9048818794226
F03,Whitefield,2025-03-21 12:00:00,89.52684783935547,91.18795461044664,LOW,102.25060504260146
F03,Whitefield,2025-03-21 13:00:00,88.20460510253906,89.62929106286686,LOW,100.23600460035419
F03,Whitefield,2025-03-21 14:00:00,91.66535949707031,92.69728749867345,LOW,103.21160627723012
F03,Whitefield,2025-03-21 15:00:00,99.7214126586914,98.9416630983174,LOW,112.17564071383077
F03,Whitefield,2025-03-21 16:00:00,110.09351348876953,111.74861786975312,LOW,125.15191373774738
F03,Whitefield,2025-03-21 17:00:00,124.97758483886719,127.44430429101722,LOW,141.64797226444165
F03,Whitefield,2025-03-21 18:00:00,139.0272216796875,140.82256170772325,LOW,157.26794353721877
F03,Whitefield,2025-03-21 19:00:00,147.91542053222656,149.71132102536868,LOW,168.126326906194
F03,Whitefield,2025-03-21 20:00:00,149.98098754882812,152.09917943977658,LOW,171.0342051163444
F03,Whitefield,2025-03-21 21:00:00,145.0376739501953,147.2991368510778,LOW,164.62005188422341
F03,Whitefield,2025-03-21 22:00:00,134.57400512695312,134.88843513683884,LOW,151.75301827733554
F03,Whitefield,2025-03-21 23:00:00,119.1588134765625,121.69517554947198,LOW,135.95652674890175
F03,Whitefield,2025-03-22 00:00:00,82.41688537597656,82.66256539499436,LOW,91.81980627630807
F03,Whitefield,2025-03-22 01:00:00,82.7156982421875,83.36931197552589,LOW,91.3914471561268
F03,Whitefield,2025-03-22 02:00:00,82.560546875,83.1703925845883,LOW,91.48980196447403
F03,Whitefield,2025-03-22 03:00:00,82.55817413330078,84.12903885597355,LOW,91.58310760459126
F03,Whitefield,2025-03-22 04:00:00,83.79232025146484,84.84576931428441,LOW,92.38716087008555
F03,Whitefield,2025-03-22 05:00:00,86.1847152709961,86.49937314353306,LOW,96.2055574674374
F03,Whitefield,2025-03-22 06:00:00,95.8968505859375,97.53696820973511,LOW,107.42766579259755
F03,Whitefield,2025-03-22 07:00:00,113.24227142333984,113.02185825902207,LOW,126.57691055903543
F03,Whitefield,2025-03-22 08:00:00,128.3408203125,126.78086762175697,LOW,140.17256410942903
F03,Whitefield,2025-03-22 09:00:00,121.86709594726562,124.02695928022378,LOW,137.67785407812778
F03,Whitefield,2025-03-22 10:00:00,111.32091522216797,113.08241875786408,LOW,124.04937890835717
F03,Whitefield,2025-03-22 11:00:00,99.006103515625,101.04271318245979,LOW,111.67457668217416
F03,Whitefield,2025-03-22 12:00:00,92.4052963256836,94.05749055962777,LOW,103.59614792860474
F03,Whitefield,2025-03-22 13:00:00,90.10287475585938,91.0712477550194,LOW,101.07880197531559
F03,Whitefield,2025-03-22 14:00:00,92.0000228881836,94.66585603220462,LOW,104.44327953032376
F03,Whitefield,2025-03-22 15:00:00,99.38446044921875,101.92794759603247,LOW,112.78331961816994
F03,Whitefield,2025-03-22 16:00:00,111.82469940185547,114.3007566750926,LOW,126.86265562898747
F03,Whitefield,2025-03-22 17:00:00,126.26202392578125,128.96619693602494,LOW,143.97874142991137
F03,Whitefield,2025-03-22 18:00:00,141.1146697998047,142.9962939370138,LOW,159.90975275955523
F03,Whitefield,2025-03-22 19:00:00,150.25570678710938,153.50865957321784,LOW,171.48702689022141
F03,Whitefield,2025-03-22 20:00:00,152.6236572265625,155.67754738385494,LOW,174.35738047248958
F03,Whitefield,2025-03-22 21:00:00,148.44088745117188,150.80979442356522,LOW,167.59391409002572
F03,Whitefield,2025-03-22 22:00:00,135.747802734375,139.07233275387952,LOW,154.62351272447913
F03,Whitefield,2025-03-22 23:00:00,121.1503677368164,125.3725157217878,LOW,138.01595096431006
F03,Whitefield,2025-03-23 00:00:00,83.0147705078125,82.99953673479271,LOW,91.40696747434919
F03,Whitefield,2025-03-23 01:00:00,82.46080780029297,83.44571616005189,LOW,91.39006642957708
F03,Whitefield,2025-03-23 02:00:00,82.43720245361328,82.57826982265439,LOW,91.65134506207387
F03,Whitefield,2025-03-23 03:00:00,83.63947296142578,84.35291035165427,LOW,91.44372032979912
F03,Whitefield,2025-03-23 04:00:00,84.43928527832031,84.11268265401422,LOW,92.33909352330649
F03,Whitefield,2025-03-23 05:00:00,86.43939208984375,87.78303444623462,LOW,95.73089774040264
F03,Whitefield,2025-03-23 06:00:00,95.5152816772461,97.59424234283779,LOW,107.19348072494141
F03,Whitefield,2025-03-23 07:00:00,111.18557739257812,115.00915820290757,LOW,126.36988900888227
F03,Whitefield,2025-03-23 08:00:00,124.73179626464844,126.64514106398144,LOW,139.9885487273949
F03,Whitefield,2025-03-23 09:00:00,122.20105743408203,125.22409942584551,LOW,137.6032648113207
F03,Whitefield,2025-03-23 10:00:00,112.05198669433594,112.97421259169698,LOW,124.07854002926014
F03,Whitefield,2025-03-23 11:00:00,100.70999908447266,100.77795919491655,LOW,111.40446669553172
F03,Whitefield,2025-03-23 12:00:00,93.25962829589844,94.79234014261006,LOW,103.36395208254984
F03,Whitefield,2025-03-23 13:00:00,91.24616241455078,91.89457512705752,LOW,100.91097019888998
F03,Whitefield,2025-03-23 14:00:00,93.84773254394531,95.26010904352513,LOW,103.99221258938505
F03,Whitefield,2025-03-23 15:00:00,100.90253448486328,102.38368291829917,LOW,112.83369189714408
F03,Whitefield,2025-03-23 16:00:00,113.10240936279297,115.59199508424823,LOW,126.55306714448062
F03,Whitefield,2025-03-23 17:00:00,127.68395233154297,129.98338289365455,LOW,143.51522993952585
F03,Whitefield,2025-03-23 18:00:00,143.4044647216797,145.2388450357088,LOW,159.98366923390262
F03,Whitefield,2025-03-23 19:00:00,151.37655639648438,155.42061796134283,LOW,171.49572648031014
F03,Whitefield,2025-03-23 20:00:00,152.6081085205078,157.85513864665137,LOW,174.330154147132
F03,Whitefield,2025-03-23 21:00:00,149.2482452392578,151.98011323022618,LOW,167.64995433628266
F03,Whitefield,2025-03-23 22:00:00,138.88075256347656,140.496999079864,LOW,154.71174652851988
F03,Whitefield,2025-03-23 23:00:00,124.02249908447266,126.05157859025836,LOW,138.3326749637921
F03,Whitefield,2025-03-24 00:00:00,82.31537628173828,84.24445814032025,LOW,92.33672832303334
F03,Whitefield,2025-03-24 01:00:00,82.0788345336914,84.21353884020692,LOW,92.19240332871146
F03,Whitefield,2025-03-24 02:00:00,82.2403335571289,83.70814445641518,LOW,92.5225013589305
F03,Whitefield,2025-03-24 03:00:00,83.81902313232422,83.75718671506448,LOW,92.40861923094954
F03,Whitefield,2025-03-24 04:00:00,84.16715240478516,85.33101592588149,LOW,93.24644335219682
F03,Whitefield,2025-03-24 05:00:00,86.81855010986328,88.55799850290866,LOW,97.4993240810053
F03,Whitefield,2025-03-24 06:00:00,96.432861328125,100.28539730917275,LOW,110.95013306960678
F03,Whitefield,2025-03-24 07:00:00,116.08094024658203,119.0986339540346,LOW,132.28620481370467
F03,Whitefield,2025-03-24 08:00:00,125.42842864990234,132.44514024451655,LOW,146.6014119675811
F03,Whitefield,2025-03-24 09:00:00,124.4411849975586,127.43177705598367,LOW,141.45315064842822
F03,Whitefield,2025-03-24 10:00:00,111.40721893310547,113.82653525203429,LOW,124.98461818329892
F03,Whitefield,2025-03-24 11:00:00,99.53691864013672,102.24414537953798,LOW,110.54972405102811
F03,Whitefield,2025-03-24 12:00:00,93.92970275878906,94.14785067308493,LOW,102.93508955766875
F03,Whitefield,2025-03-24 13:00:00,90.99498748779297,91.79794098146164,LOW,100.98728082220424
F03,Whitefield,2025-03-24 14:00:00,93.79253387451172,95.52739880873021,LOW,104.18813489192493
F03,Whitefield,2025-03-24 15:00:00,100.36355590820312,102.50284163969964,LOW,113.14503721462253
F03,Whitefield,2025-03-24 16:00:00,113.925048828125,114.6793490690787,LOW,126.21069107734934
F03,Whitefield,2025-03-24 17:00:00,128.76715087890625,128.99758304483203,LOW,142.72600881323515
F03,Whitefield,2025-03-24 18:00:00,142.9630889892578,143.46776674293454,LOW,158.78686138269646
F03,Whitefield,2025-03-24 19:00:00,150.76852416992188,152.79989835806728,LOW,169.98404101115295
F03,Whitefield,2025-03-24 20:00:00,152.76551818847656,155.576407152043,LOW,172.41749631496785
F03,Whitefield,2025-03-24 21:00:00,148.297607421875,150.29295040788114,LOW,166.06149964549735
F03,Whitefield,2025-03-24 22:00:00,137.65505981445312,138.27908124916587,LOW,153.069321530339
F03,Whitefield,2025-03-24 23:00:00,123.85755920410156,124.22641652663957,LOW,137.1566553853586
F03,Whitefield,2025-03-25 00:00:00,83.58985900878906,84.42350488543984,LOW,92.03120742192259
F03,Whitefield,2025-03-25 01:00:00,83.40867614746094,84.83114980014687,LOW,92.05747985160718
F03,Whitefield,2025-03-25 02:00:00,83.1156234741211,84.67585813583793,LOW,91.9186329488555
F03,Whitefield,2025-03-25 03:00:00,83.26859283447266,84.64911170579667,LOW,92.35354766973482
F03,Whitefield,2025-03-25 04:00:00,84.73046112060547,84.80026899794724,LOW,93.05750936917359
F03,Whitefield,2025-03-25 05:00:00,87.25507354736328,88.88199388214214,LOW,97.2589211423928
F03,Whitefield,2025-03-25 06:00:00,98.5594711303711,100.78940534190122,LOW,110.24974844828844
F03,Whitefield,2025-03-25 07:00:00,117.88992309570312,120.03224905894538,LOW,131.9922463217372
F03,Whitefield,2025-03-25 08:00:00,130.63333129882812,133.344978013823,LOW,146.51472207119787
F03,Whitefield,2025-03-25 09:00:00,125.64289855957031,128.79106565553283,LOW,141.17989156690152
F03,Whitefield,2025-03-25 10:00:00,112.38238525390625,114.45324038330686,LOW,124.47695386900776
F03,Whitefield,2025-03-25 11:00:00,100.34427642822266,101.5408776003273,LOW,110.5819961548978
F03,Whitefield,2025-03-25 12:00:00,93.22544860839844,94.62636789056305,LOW,102.95071998775354
F03,Whitefield,2025-03-25 13:00:00,91.48603057861328,92.32789492439278,LOW,100.57483456279492
F03,Whitefield,2025-03-25 14:00:00,95.07478332519531,94.9896198902324,LOW,103.81501585132828
F03,Whitefield,2025-03-25 15:00:00,100.5582504272461,102.10137420655815,LOW,112.7561885831514
F03,Whitefield,2025-03-25 16:00:00,112.99786376953125,115.07412409216374,LOW,126.35557581524529
F03,Whitefield,2025-03-25 17:00:00,127.41033172607422,130.4479404912353,LOW,142.39993281695237
F03,Whitefield,2025-03-25 18:00:00,142.9115447998047,144.9380186337487,LOW,158.4746379319072
F03,Whitefield,2025-03-25 19:00:00,150.3243865966797,154.76698443969613,LOW,168.75965133744504
F03,Whitefield,2025-03-25 20:00:00,151.7659454345703,155.83399318793715,LOW,171.75339888435195
F03,Whitefield,2025-03-25 21:00:00,148.55126953125,151.71092057902246,LOW,165.5419359493467
F03,Whitefield,2025-03-25 22:00:00,136.36984252929688,139.51212380718312,LOW,152.57855980848595
F03,Whitefield,2025-03-25 23:00:00,122.722412109375,125.67892214227547,LOW,136.99456458195135
F03,Whitefield,2025-03-26 00:00:00,83.78734588623047,85.70377534730132,LOW,91.98047944103662
F03,Whitefield,2025-03-26 01:00:00,84.09122467041016,85.00458077892682,LOW,91.61852063801958
F03,Whitefield,2025-03-26 02:00:00,83.56773376464844,84.9770208876752,LOW,91.36541498406118
F03,Whitefield,2025-03-26 03:00:00,83.68109130859375,85.72346191646471,LOW,91.81880916844436
F03,Whitefield,2025-03-26 04:00:00,84.73171997070312,85.78188707445672,LOW,92.63853948786489
F03,Whitefield,2025-03-26 05:00:00,88.04521942138672,89.4986769210163,LOW,97.14801633412331
F03,Whitefield,2025-03-26 06:00:00,98.7250747680664,102.42873464315035,LOW,110.06971462654813
F03,Whitefield,2025-03-26 07:00:00,119.51746368408203,120.96205886341978,LOW,131.34182486030622
F03,Whitefield,2025-03-26 08:00:00,131.0806121826172,134.19070359166267,LOW,145.82677892349574
F03,Whitefield,2025-03-26 09:00:00,126.72510528564453,128.21019759588637,LOW,140.88295339886702
F03,Whitefield,2025-03-26 10:00:00,112.44097137451172,115.3297549979773,LOW,124.28556311467042
F03,Whitefield,2025-03-26 11:00:00,101.24222564697266,102.08358501597287,LOW,109.86713131758012
F03,Whitefield,2025-03-26 12:00:00,94.44337463378906,95.9723986803579,LOW,102.56343472625686
F03,Whitefield,2025-03-26 13:00:00,92.01483154296875,93.3307658919867,LOW,100.46464058330567
F03,Whitefield,2025-03-26 14:00:00,94.67505645751953,95.57277636381812,LOW,103.73267322039824
F03,Whitefield,2025-03-26 15:00:00,100.7100601196289,104.31734402442933,LOW,112.37039343391449
F03,Whitefield,2025-03-26 16:00:00,114.9836654663086,116.80461787676076,LOW,125.92651463768225
F03,Whitefield,2025-03-26 17:00:00,130.13186645507812,130.74251588607487,LOW,142.26778848986172
F03,Whitefield,2025-03-26 18:00:00,143.527587890625,144.73357377780349,LOW,157.95330505332416
F03,Whitefield,2025-03-26 19:00:00,150.6381378173828,155.52345080083617,LOW,168.86582491295928
F03,Whitefield,2025-03-26 20:00:00,151.9366455078125,157.8591514729669,LOW,171.39442685489988
F03,Whitefield,2025-03-26 21:00:00,148.42433166503906,151.96063164602216,LOW,165.1797314525068
F03,Whitefield,2025-03-26 22:00:00,137.8219757080078,140.96831360745364,LOW,152.41759349978503
F03,Whitefield,2025-03-26 23:00:00,124.76732635498047,126.12323536485873,LOW,136.41225411200747
F03,Whitefield,2025-03-27 00:00:00,84.58451080322266,85.42702357013938,LOW,91.80590474600612
F03,Whitefield,2025-03-27 01:00:00,84.11349487304688,85.58419534486542,LOW,91.57967324557681
F03,Whitefield,2025-03-27 02:00:00,84.09435272216797,86.18180141849334,LOW,91.37142170355695
F03,Whitefield,2025-03-27 03:00:00,84.56980895996094,85.90740957797338,LOW,91.56925716540663
F03,Whitefield,2025-03-27 04:00:00,85.11651611328125,86.4105824253093,LOW,92.53069492474336
F03,Whitefield,2025-03-27 05:00:00,88.11873626708984,90.99754468420836,LOW,96.89274419293334
F03,Whitefield,2025-03-27 06:00:00,99.71125793457031,102.65532325265222,LOW,110.02401002224519
F03,Whitefield,2025-03-27 07:00:00,120.09144592285156,122.50759361575717,LOW,131.05548489837335
F03,Whitefield,2025-03-27 08:00:00,133.45367431640625,136.3604655448661,LOW,145.8464108056238
F03,Whitefield,2025-03-27 09:00:00,126.79773712158203,131.6455358206307,LOW,140.57888016791543
F03,Whitefield,2025-03-27 10:00:00,114.70024108886719,116.21823029758588,LOW,124.35466955966476
F03,Whitefield,2025-03-27 11:00:00,101.32521057128906,103.64900417939023,LOW,109.81459637820198
F03,Whitefield,2025-03-27 12:00:00,95.36665344238281,96.6058207375589,LOW,102.23987283816354
F03,Whitefield,2025-03-27 13:00:00,92.5969009399414,93.95711636656951,LOW,100.19398660178385
F03,Whitefield,2025-03-27 14:00:00,95.5492935180664,97.64118919342968,LOW,103.59636405628015
F03,Whitefield,2025-03-27 15:00:00,103.14506530761719,105.42517075719562,LOW,112.26200937247282
F03,Whitefield,2025-03-27 16:00:00,115.76264953613281,117.32913925040354,LOW,125.38064588968481
F03,Whitefield,2025-03-27 17:00:00,131.12074279785156,132.4998512200148,LOW,141.82872784433087
F03,Whitefield,2025-03-27 18:00:00,143.92323303222656,146.27688043571837,LOW,157.72968113957938
F03,Whitefield,2025-03-27 19:00:00,151.73146057128906,157.30195031918456,LOW,168.89399698542087
F03,Whitefield,2025-03-27 20:00:00,154.00587463378906,157.84696786202875,LOW,170.80187737284314
F03,Whitefield,2025-03-27 21:00:00,150.2566680908203,153.1918128181406,LOW,164.9471171818635
F03,Whitefield,2025-03-27 22:00:00,139.9673614501953,142.7483927096977,LOW,152.40324089098308
F03,Whitefield,2025-03-27 23:00:00,125.1012954711914,126.83973710906028,LOW,136.29018009281413
F03,Whitefield,2025-03-28 00:00:00,83.9487533569336,86.38555358840875,LOW,91.50507905178777
F03,Whitefield,2025-03-28 01:00:00,83.85057067871094,86.21293779192904,LOW,91.3709302064617
F03,Whitefield,2025-03-28 02:00:00,85.24278259277344,86.59196662601548,LOW,91.28637890743326
F03,Whitefield,2025-03-28 03:00:00,84.37543487548828,86.8387963543643,LOW,91.58508795117572
F03,Whitefield,2025-03-28 04:00:00,85.84957885742188,87.25062189903544,LOW,92.33814014444819
F03,Whitefield,2025-03-28 05:00:00,90.0523681640625,92.30056295474536,LOW,96.56121369137166
F03,Whitefield,2025-03-28 06:00:00,102.0679931640625,104.55855978416464,LOW,110.02532680576465
F03,Whitefield,2025-03-28 07:00:00,120.68018341064453,123.32400341325358,LOW,130.9616540087018
F03,Whitefield,2025-03-28 08:00:00,134.2090301513672,137.70730009586848,LOW,145.5491524691063
F03,Whitefield,2025-03-28 09:00:00,129.6875,132.13824109449027,LOW,140.1964856906397
F03,Whitefield,2025-03-28 10:00:00,115.74288177490234,117.2366156458706,LOW,123.68567779256773
F03,Whitefield,2025-03-28 11:00:00,102.31575775146484,104.40156832045412,LOW,109.9048818794226
F03,Whitefield,2025-03-28 12:00:00,95.43415832519531,96.15592926357812,LOW,102.25060504260146
F03,Whitefield,2025-03-28 13:00:00,92.93324279785156,95.03695295401586,LOW,100.23600460035419
F03,Whitefield,2025-03-28 14:00:00,96.70922088623047,97.6507022787457,LOW,103.21160627723012
