meter_id,locality,feeder_id,category,timestamp,consumption_kwh,is_anomaly,anomaly_type
MET_001,Jayanagar,F01,Industrial,2025-01-01 00:00:00,1.4865157428109688,0,NORMAL
MET_001,Jayanagar,F01,Industrial,2025-01-01 00:15:00,1.5328411811536433,0,NORMAL
MET_001,Jayanagar,F01,Industrial,2025-01-01 00:30:00,,0,NORMAL
MET_001,Jayanagar,F01,Industrial,2025-01-01 00:45:00,1.442471579085339,0,NORMAL
MET_001,Jayanagar,F01,Industrial,2025-01-01 01:00:00,1.5040305824306806,0,NORMAL
MET_001,Jayanagar,F01,Industrial,2025-01-01 01:15:00,1.437620088389047,0,NORMAL
MET_001,Jayanagar,F01,Industrial,2025-01-01 01:30:00,1.380160384063928,0,NORMAL
MET_001,Jayanagar,F01,Industrial,2025-01-01 01:45:00,1.3807344639780295,0,NORMAL
MET_001,Jayanagar,F01,Industrial,2025-01-01 02:00:00,1.2702501328920135,0,NORMAL
MET_001,Jayanagar,F01,Industrial,2025-01-01 02:15:00,1.4099084732933038,0,NORMAL
MET_001,Jayanagar,F01,Industrial,2025-01-01 02:30:00,1.5384323806783293,0,NORMAL
MET_001,Jayanagar,F01,Industrial,2025-01-01 02:45:00,1.5286769248041907,0,NORMAL
MET_001,Jayanagar,F01,Industrial,2025-01-01 03:00:00,1.2723205701847424,0,NORMAL
MET_001,Jayanagar,F01,Industrial,2025-01-01 03:15:00,1.4587797852333182,0,NORMAL
MET_001,Jayanagar,F01,Industrial,2025-01-01 03:30:00,1.345561019013485,0,NORMAL
MET_001,Jayanagar,F01,Industrial,2025-01-01 03:45:00,1.5140373993316625,0,NORMAL
MET_001,Jayanagar,F01,Industrial,2025-01-01 04:00:00,1.2766261027603816,0,NORMAL
MET_001,Jayanagar,F01,Industrial,2025-01-01 04:15:00,1.5268214683683532,0,NORMAL
MET_001,Jayanagar,F01,Industrial,2025-01-01 04:30:00,1.4991834614962003,0,NORMAL
MET_001,Jayanagar,F01,Industrial,2025-01-01 04:45:00,1.2969588126590226,0,NORMAL
MET_001,Jayanagar,F01,Industrial,2025-01-01 05:00:00,1.2890929726282574,0,NORMAL
MET_001,Jayanagar,F01,Industrial,2025-01-01 05:15:00,1.5081576947667887,0,NORMAL
MET_001,Jayanagar,F01,Industrial,2025-01-01 05:30:00,1.316213970524233,0,NORMAL
MET_001,Jayanagar,F01,Industrial,2025-01-01 05:45:00,1.4233995318158994,0,NORMAL
MET_001,Jayanagar,F01,Industrial,2025-01-01 06:00:00,1.5515737912276946,0,NORMAL
MET_001,Jayanagar,F01,Industrial,2025-01-01 06:15:00,1.4517891606269313,0,NORMAL
MET_001,Jayanagar,F01,Industrial,2025-01-01 06:30:00,1.4030237833377048,0,NORMAL
MET_001,Jayanagar,F01,Industrial,2025-01-01 06:45:00,1.4167132147574775,0,NORMAL
MET_001,Jayanagar,F01,Industrial,2025-01-01 07:00:00,1.3330292667738939,0,NORMAL
MET_001,Jayanagar,F01,Industrial,2025-01-01 07:15:00,,0,NORMAL
MET_001,Jayanagar,F01,Industrial,2025-01-01 07:30:00,1.4053425720059298,0,NORMAL
MET_001,Jayanagar,F01,Industrial,2025-01-01 07:45:00,1.3699097663049251,0,NORMAL
MET_001,Jayanagar,F01,Industrial,2025-01-01 08:00:00,1.424585089620206,0,NORMAL
MET_001,Jayanagar,F01,Industrial,2025-01-01 08:15:00,1.6264913584471559,0,NORMAL
MET_001,Jayanagar,F01,Industrial,2025-01-01 08:30:00,1.3675066284305886,0,NORMAL
MET_001,Jayanagar,F01,Industrial,2025-01-01 08:45:00,1.5975980596829802,0,NORMAL
MET_001,Jayanagar,F01,Industrial,2025-01-01 09:00:00,1.562450732452982,0,NORMAL
MET_001,Jayanagar,F01,Industrial,2025-01-01 09:15:00,1.5991056067210736,0,NORMAL
MET_001,Jayanagar,F01,Industrial,2025-01-01 09:30:00,1.642871847979738,0,NORMAL
MET_001,Jayanagar,F01,Industrial,2025-01-01 09:45:00,1.6027464769753377,0,NORMAL
MET_001,Jayanagar,F01,Industrial,2025-01-01 10:00:00,1.6206429056941545,0,NORMAL
MET_001,Jayanagar,F01,Industrial,2025-01-01 10:15:00,1.3775644103457183,0,NORMAL
MET_001,Jayanagar,F01,Industrial,2025-01-01 10:30:00,1.5767002231947356,0,NORMAL
MET_001,Jayanagar,F01,Industrial,2025-01-01 10:45:00,1.5022348220911292,0,NORMAL
MET_001,Jayanagar,F01,Industrial,2025-01-01 11:00:00,1.4747192841824137,0,NORMAL
MET_001,Jayanagar,F01,Industrial,2025-01-01 11:15:00,1.5786459237033013,0,NORMAL
MET_001,Jayanagar,F01,Industrial,2025-01-01 11:30:00,1.5999567082983648,0,NORMAL
MET_001,Jayanagar,F01,Industrial,2025-01-01 11:45:00,1.5218959353372639,0,NORMAL
MET_001,Jayanagar,F01,Industrial,2025-01-01 12:00:00,1.4315465882171445,0,NORMAL
MET_001,Jayanagar,F01,Industrial,2025-01-01 12:15:00,1.423923492130076,0,NORMAL
MET_001,Jayanagar,F01,Industrial,2025-01-01 12:30:00,1.403795290090541,0,NORMAL
MET_001,Jayanagar,F01,Industrial,2025-01-01 12:45:00,1.3966870468976997,0,NORMAL
MET_001,Jayanagar,F01,Industrial,2025-01-01 13:00:00,1.392606799172427,0,NORMAL
MET_001,Jayanagar,F01,Industrial,2025-01-01 13:15:00,1.3066978681222523,0,NORMAL
MET_001,Jayanagar,F01,Industrial,2025-01-01 13:30:00,1.3031911886104544,0,NORMAL
MET_001,Jayanagar,F01,Industrial,2025-01-01 13:45:00,1.503173333146162,0,NORMAL
MET_001,Jayanagar,F01,Industrial,2025-01-01 14:00:00,,0,NORMAL
MET_001,Jayanagar,F01,Industrial,2025-01-01 14:15:00,1.5482680154975879,0,NORMAL
MET_001,Jayanagar,F01,Industrial,2025-01-01 14:30:00,1.4574752579452495,0,NORMAL
MET_001,Jayanagar,F01,Industrial,2025-01-01 14:45:00,1.2929618600897115,0,NORMAL
MET_001,Jayanagar,F01,Industrial,2025-01-01 15:00:00,1.340342275703187,0,NORMAL
MET_001,Jayanagar,F01,Industrial,2025-01-01 15:15:00,1.3542410307345816,0,NORMAL
MET_001,Jayanagar,F01,Industrial,2025-01-01 15:30:00,1.5758075582728623,0,NORMAL
MET_001,Jayanagar,F01,Industrial,2025-01-01 15:45:00,1.3579489134801113,0,NORMAL
MET_001,Jayanagar,F01,Industrial,2025-01-01 16:00:00,1.4621341635924892,0,NORMAL
MET_001,Jayanagar,F01,Industrial,2025-01-01 16:15:00,1.584690428335778,0,NORMAL
MET_001,Jayanagar,F01,Industrial,2025-01-01 16:30:00,1.5966468719454974,0,NORMAL
MET_001,Jayanagar,F01,Industrial,2025-01-01 16:45:00,1.3806881456369342,0,NORMAL
MET_001,Jayanagar,F01,Industrial,2025-01-01 17:00:00,1.3407497059031823,0,NORMAL
MET_001,Jayanagar,F01,Industrial,2025-01-01 17:15:00,1.371544061283534,0,NORMAL
MET_001,Jayanagar,F01,Industrial,2025-01-01 17:30:00,,0,NORMAL
MET_001,Jayanagar,F01,Industrial,2025-01-01 17:45:00,1.383781853624303,0,NORMAL
MET_001,Jayanagar,F01,Industrial,2025-01-01 18:00:00,,0,NORMAL
MET_001,Jayanagar,F01,Industrial,2025-01-01 18:15:00,1.6020891807309232,0,NORMAL
MET_001,Jayanagar,F01,Industrial,2025-01-01 18:30:00,1.4910208259269768,0,NORMAL
MET_001,Jayanagar,F01,Industrial,2025-01-01 18:45:00,1.5172970162688484,0,NORMAL
MET_001,Jayanagar,F01,Industrial,2025-01-01 19:00:00,1.3857380081459918,0,NORMAL
MET_001,Jayanagar,F01,Industrial,2025-01-01 19:15:00,1.56219216652904,0,NORMAL
MET_001,Jayanagar,F01,Industrial,2025-01-01 19:30:00,1.5083187654344083,0,NORMAL
MET_001,Jayanagar,F01,Industrial,2025-01-01 19:45:00,1.580922618043613,0,NORMAL
MET_001,Jayanagar,F01,Industrial,2025-01-01 20:00:00,1.5881443664619599,0,NORMAL
MET_001,Jayanagar,F01,Industrial,2025-01-01 20:15:00,1.412991006528576,0,NORMAL
MET_001,Jayanagar,F01,Industrial,2025-01-01 20:30:00,1.3379908592408598,0,NORMAL
MET_001,Jayanagar,F01,Industrial,2025-01-01 20:45:00,1.3774405508510472,0,NORMAL
MET_001,Jayanagar,F01,Industrial,2025-01-01 21:00:00,1.4199151790670523,0,NORMAL
MET_001,Jayanagar,F01,Industrial,2025-01-01 21:15:00,1.565952040771144,0,NORMAL
MET_001,Jayanagar,F01,Industrial,2025-01-01 21:30:00,1.4027963580544422,0,NORMAL
MET_001,Jayanagar,F01,Industrial,2025-01-01 21:45:00,1.5156522930032799,0,NORMAL
MET_001,Jayanagar,F01,Industrial,2025-01-01 22:00:00,1.4325919575679926,0,NORMAL
MET_001,Jayanagar,F01,Industrial,2025-01-01 22:15:00,1.3309364556270054,0,NORMAL
MET_001,Jayanagar,F01,Industrial,2025-01-01 22:30:00,1.3701372608494506,0,NORMAL
MET_001,Jayanagar,F01,Industrial,2025-01-01 22:45:00,,0,NORMAL
MET_001,Jayanagar,F01,Industrial,2025-01-01 23:00:00,1.4587044722148932,0,NORMAL
MET_001,Jayanagar,F01,Industrial,2025-01-01 23:15:00,1.3915639131340354,0,NORMAL
MET_001,Jayanagar,F01,Industrial,2025-01-01 23:30:00,1.3334413256733504,0,NORMAL
MET_001,Jayanagar,F01,Industrial,2025-01-01 23:45:00,1.472537145667245,0,NORMAL
MET_001,Jayanagar,F01,Industrial,2025-01-02 00:00:00,1.3182312105874827,0,NORMAL
MET_001,Jayanagar,F01,Industrial,2025-01-02 00:15:00,1.5350144682872127,0,NORMAL
MET_001,Jayanagar,F01,Industrial,2025-01-02 00:30:00,1.3236043805500548,0,NORMAL
MET_001,Jayanagar,F01,Industrial,2025-01-02 00:45:00,1.3008498837898341,0,NORMAL
MET_001,Jayanagar,F01,Industrial,2025-01-02 01:00:00,1.411088742054519,0,NORMAL
MET_001,Jayanagar,F01,Industrial,2025-01-02 01:15:00,1.4172727550852549,0,NORMAL
MET_001,Jayanagar,F01,Industrial,2025-01-02 01:30:00,1.4140661889264396,0,NORMAL
MET_001,Jayanagar,F01,Industrial,2025-01-02 01:45:00,1.3938709433591228,0,NORMAL
MET_001,Jayanagar,F01,Industrial,2025-01-02 02:00:00,1.5516694229299475,0,NORMAL
MET_001,Jayanagar,F01,Industrial,2025-01-02 02:15:00,1.4080654784068753,0,NORMAL
MET_001,Jayanagar,F01,Industrial,2025-01-02 02:30:00,1.405712048351653,0,NORMAL
MET_001,Jayanagar,F01,Industrial,2025-01-02 02:45:00,1.389847347959665,0,NORMAL
MET_001,Jayanagar,F01,Industrial,2025-01-02 03:00:00,,0,NORMAL
MET_001,Jayanagar,F01,Industrial,2025-01-02 03:15:00,1.4391058430098027,0,NORMAL
MET_001,Jayanagar,F01,Industrial,2025-01-02 03:30:00,1.3359717231742,0,NORMAL
MET_001,Jayanagar,F01,Industrial,2025-01-02 03:45:00,1.4517231616163075,0,NORMAL
MET_001,Jayanagar,F01,Industrial,2025-01-02 04:00:00,1.2889321664907123,0,NORMAL
MET_001,Jayanagar,F01,Industrial,2025-01-02 04:15:00,1.5524927929942927,0,NORMAL
MET_001,Jayanagar,F01,Industrial,2025-01-02 04:30:00,1.4073708773014353,0,NORMAL
MET_001,Jayanagar,F01,Industrial,2025-01-02 04:45:00,1.5285225555466706,0,NORMAL
MET_001,Jayanagar,F01,Industrial,2025-01-02 05:00:00,1.4183991094003754,0,NORMAL
MET_001,Jayanagar,F01,Industrial,2025-01-02 05:15:00,1.3000280664691042,0,NORMAL
MET_001,Jayanagar,F01,Industrial,2025-01-02 05:30:00,1.5172204081078544,0,NORMAL
MET_001,Jayanagar,F01,Industrial,2025-01-02 05:45:00,1.46760917270457,0,NORMAL
MET_001,Jayanagar,F01,Industrial,2025-01-02 06:00:00,1.525853754102831,0,NORMAL
MET_001,Jayanagar,F01,Industrial,2025-01-02 06:15:00,1.4237054865190057,0,NORMAL
MET_001,Jayanagar,F01,Industrial,2025-01-02 06:30:00,1.4843053171392324,0,NORMAL
MET_001,Jayanagar,F01,Industrial,2025-01-02 06:45:00,1.5473680556797893,0,NORMAL
MET_001,Jayanagar,F01,Industrial,2025-01-02 07:00:00,1.5114920551443431,0,NORMAL
MET_001,Jayanagar,F01,Industrial,2025-01-02 07:15:00,1.4280114464659952,0,NORMAL
MET_001,Jayanagar,F01,Industrial,2025-01-02 07:30:00,1.5207606594011018,0,NORMAL
MET_001,Jayanagar,F01,Industrial,2025-01-02 07:45:00,1.5235074671119013,0,NORMAL
MET_001,Jayanagar,F01,Industrial,2025-01-02 08:00:00,1.6389699345080715,0,NORMAL
MET_001,Jayanagar,F01,Industrial,2025-01-02 08:15:00,1.461981816871765,0,NORMAL
MET_001,Jayanagar,F01,Industrial,2025-01-02 08:30:00,1.478240525674943,0,NORMAL
MET_001,Jayanagar,F01,Industrial,2025-01-02 08:45:00,1.594409150806563,0,NORMAL
MET_001,Jayanagar,F01,Industrial,2025-01-02 09:00:00,1.5143938935307135,0,NORMAL
MET_001,Jayanagar,F01,Industrial,2025-01-02 09:15:00,1.5842211069203078,0,NORMAL
MET_001,Jayanagar,F01,Industrial,2025-01-02 09:30:00,1.500461519024603,0,NORMAL
MET_001,Jayanagar,F01,Industrial,2025-01-02 09:45:00,1.4265793297263056,0,NORMAL
MET_001,Jayanagar,F01,Industrial,2025-01-02 10:00:00,1.5747119142674335,0,NORMAL
MET_001,Jayanagar,F01,Industrial,2025-01-02 10:15:00,1.390362594157973,0,NORMAL
MET_001,Jayanagar,F01,Industrial,2025-01-02 10:30:00,1.4106059358070948,0,NORMAL
MET_001,Jayanagar,F01,Industrial,2025-01-02 10:45:00,1.5391722847655371,0,NORMAL
MET_001,Jayanagar,F01,Industrial,2025-01-02 11:00:00,1.5471462163887308,0,NORMAL
MET_001,Jayanagar,F01,Industrial,2025-01-02 11:15:00,1.5906121222240466,0,NORMAL
MET_001,Jayanagar,F01,Industrial,2025-01-02 11:30:00,1.4071868653665691,0,NORMAL
MET_001,Jayanagar,F01,Industrial,2025-01-02 11:45:00,1.3594621323348899,0,NORMAL
MET_001,Jayanagar,F01,Industrial,2025-01-02 12:00:00,1.5805865994989878,0,NORMAL
MET_001,Jayanagar,F01,Industrial,2025-01-02 12:15:00,1.348360675854294,0,NORMAL
MET_001,Jayanagar,F01,Industrial,2025-01-02 12:30:00,1.3608881933040837,0,NORMAL
MET_001,Jayanagar,F01,Industrial,2025-01-02 12:45:00,,0,NORMAL
MET_001,Jayanagar,F01,Industrial,2025-01-02 13:00:00,1.4438481736993172,0,NORMAL
MET_001,Jayanagar,F01,Industrial,2025-01-02 13:15:00,1.545312805422951,0,NORMAL
MET_001,Jayanagar,F01,Industrial,2025-01-02 13:30:00,1.5102085387527442,0,NORMAL
MET_001,Jayanagar,F01,Industrial,2025-01-02 13:45:00,1.495168747692305,0,NORMAL
MET_001,Jayanagar,F01,Industrial,2025-01-02 14:00:00,1.3440338614430265,0,NORMAL
MET_001,Jayanagar,F01,Industrial,2025-01-02 14:15:00,1.3965000602979212,0,NORMAL
MET_001,Jayanagar,F01,Industrial,2025-01-02 14:30:00,1.4312056399788988,0,NORMAL
MET_001,Jayanagar,F01,Industrial,2025-01-02 14:45:00,1.3360548880143615,0,NORMAL
MET_001,Jayanagar,F01,Industrial,2025-01-02 15:00:00,1.3851967312609106,0,NORMAL
MET_001,Jayanagar,F01,Industrial,2025-01-02 15:15:00,1.395325343109459,0,NORMAL
MET_001,Jayanagar,F01,Industrial,2025-01-02 15:30:00,1.3427845940019052,0,NORMAL
MET_001,Jayanagar,F01,Industrial,2025-01-02 15:45:00,1.4655239418732275,0,NORMAL
MET_001,Jayanagar,F01,Industrial,2025-01-02 16:00:00,1.5300097171347251,0,NORMAL
MET_001,Jayanagar,F01,Industrial,2025-01-02 16:15:00,1.3433240971624478,0,NORMAL
MET_001,Jayanagar,F01,Industrial,2025-01-02 16:30:00,,0,NORMAL
MET_001,Jayanagar,F01,Industrial,2025-01-02 16:45:00,1.5526975362236144,0,NORMAL
MET_001,Jayanagar,F01,Industrial,2025-01-02 17:00:00,1.5596738934308874,0,NORMAL
MET_001,Jayanagar,F01,Industrial,2025-01-02 17:15:00,1.5796105835099943,0,NORMAL
MET_001,Jayanagar,F01,Industrial,2025-01-02 17:30:00,1.4705899867061374,0,NORMAL
MET_001,Jayanagar,F01,Industrial,2025-01-02 17:45:00,1.5812403942075681,0,NORMAL
MET_001,Jayanagar,F01,Industrial,2025-01-02 18:00:00,1.4150131403447075,0,NORMAL
MET_001,Jayanagar,F01,Industrial,2025-01-02 18:15:00,1.4508477268929763,0,NORMAL
MET_001,Jayanagar,F01,Industrial,2025-01-02 18:30:00,1.3957918689615636,0,NORMAL
MET_001,Jayanagar,F01,Industrial,2025-01-02 18:45:00,1.4826876220216685,0,NORMAL
MET_001,Jayanagar,F01,Industrial,2025-01-02 19:00:00,1.4538606880682987,0,NORMAL
MET_001,Jayanagar,F01,Industrial,2025-01-02 19:15:00,1.40894582813163,0,NORMAL
MET_001,Jayanagar,F01,Industrial,2025-01-02 19:30:00,1.5607652973432125,0,NORMAL
MET_001,Jayanagar,F01,Industrial,2025-01-02 19:45:00,1.4306166621606624,0,NORMAL
MET_001,Jayanagar,F01,Industrial,2025-01-02 20:00:00,1.4027476713521685,0,NORMAL
MET_001,Jayanagar,F01,Industrial,2025-01-02 20:15:00,1.3610385380473615,0,NORMAL
MET_001,Jayanagar,F01,Industrial,2025-01-02 20:30:00,1.4515408892144026,0,NORMAL
MET_001,Jayanagar,F01,Industrial,2025-01-02 20:45:00,1.4116119125467048,0,NORMAL
MET_001,Jayanagar,F01,Industrial,2025-01-02 21:00:00,1.4119184455987541,0,NORMAL
MET_001,Jayanagar,F01,Industrial,2025-01-02 21:15:00,1.3732731993628948,0,NORMAL
MET_001,Jayanagar,F01,Industrial,2025-01-02 21:30:00,1.5261306072314014,0,NORMAL
MET_001,Jayanagar,F01,Industrial,2025-01-02 21:45:00,1.574510637543518,0,NORMAL
MET_001,Jayanagar,F01,Industrial,2025-01-02 22:00:00,1.4323906556153772,0,NORMAL
MET_001,Jayanagar,F01,Industrial,2025-01-02 22:15:00,1.4739662525264927,0,NORMAL
MET_001,Jayanagar,F01,Industrial,2025-01-02 22:30:00,1.5382137337065633,0,NORMAL
MET_001,Jayanagar,F01,Industrial,2025-01-02 22:45:00,1.5759462956547694,0,NORMAL
MET_001,Jayanagar,F01,Industrial,2025-01-02 23:00:00,1.4540423497672377,0,NORMAL
MET_001,Jayanagar,F01,Industrial,2025-01-02 23:15:00,1.5325984816237272,0,NORMAL
MET_001,Jayanagar,F01,Industrial,2025-01-02 23:30:00,1.5379524965406917,0,NORMAL
MET_001,Jayanagar,F01,Industrial,2025-01-02 23:45:00,1.5046386528697475,0,NORMAL
MET_001,Jayanagar,F01,Industrial,2025-01-03 00:00:00,1.4122632188133786,0,NORMAL
MET_001,Jayanagar,F01,Industrial,2025-01-03 00:15:00,1.3041493188477549,0,NORMAL
MET_001,Jayanagar,F01,Industrial,2025-01-03 00:30:00,1.2855461175571081,0,NORMAL
MET_001,Jayanagar,F01,Industrial,2025-01-03 00:45:00,1.416894698380347,0,NORMAL
MET_001,Jayanagar,F01,Industrial,2025-01-03 01:00:00,1.4217966316124553,0,NORMAL
MET_001,Jayanagar,F01,Industrial,2025-01-03 01:15:00,1.3970428306659366,0,NORMAL
MET_001,Jayanagar,F01,Industrial,2025-01-03 01:30:00,1.4428212760990164,0,NORMAL
MET_001,Jayanagar,F01,Industrial,2025-01-03 01:45:00,1.4382650242960555,0,NORMAL
MET_001,Jayanagar,F01,Industrial,2025-01-03 02:00:00,1.5194441829505243,0,NORMAL
MET_001,Jayanagar,F01,Industrial,2025-01-03 02:15:00,1.3121800611967136,0,NORMAL
MET_001,Jayanagar,F01,Industrial,2025-01-03 02:30:00,1.345355877026914,0,NORMAL
MET_001,Jayanagar,F01,Industrial,2025-01-03 02:45:00,1.507028065136249,0,NORMAL
MET_001,Jayanagar,F01,Industrial,2025-01-03 03:00:00,1.5236099903826703,0,NORMAL
MET_001,Jayanagar,F01,Industrial,2025-01-03 03:15:00,1.5654869950465946,0,NORMAL
MET_001,Jayanagar,F01,Industrial,2025-01-03 03:30:00,1.5307539532080678,0,NORMAL
MET_001,Jayanagar,F01,Industrial,2025-01-03 03:45:00,1.5355935826427662,0,NORMAL
MET_001,Jayanagar,F01,Industrial,2025-01-03 04:00:00,1.3748315692893784,0,NORMAL
MET_001,Jayanagar,F01,Industrial,2025-01-03 04:15:00,1.3997657079869052,0,NORMAL
MET_001,Jayanagar,F01,Industrial,2025-01-03 04:30:00,1.3616203077305662,0,NORMAL
MET_001,Jayanagar,F01,Industrial,2025-01-03 04:45:00,1.458204038955224,0,NORMAL
MET_001,Jayanagar,F01,Industrial,2025-01-03 05:00:00,1.5632656979524289,0,NORMAL
MET_001,Jayanagar,F01,Industrial,2025-01-03 05:15:00,1.392486111113209,0,NORMAL
MET_001,Jayanagar,F01,Industrial,2025-01-03 05:30:00,1.4535246079333484,0,NORMAL
MET_001,Jayanagar,F01,Industrial,2025-01-03 05:45:00,1.3785914738776333,0,NORMAL
MET_001,Jayanagar,F01,Industrial,2025-01-03 06:00:00,1.3602090834696303,0,NORMAL
MET_001,Jayanagar,F01,Industrial,2025-01-03 06:15:00,1.3676033324988301,0,NORMAL
MET_001,Jayanagar,F01,Industrial,2025-01-03 06:30:00,1.3276283126512858,0,NORMAL
MET_001,Jayanagar,F01,Industrial,2025-01-03 06:45:00,1.5872582530555701,0,NORMAL
MET_001,Jayanagar,F01,Industrial,2025-01-03 07:00:00,1.4562047602307295,0,NORMAL
MET_001,Jayanagar,F01,Industrial,2025-01-03 07:15:00,1.5842877767386174,0,NORMAL
MET_001,Jayanagar,F01,Industrial,2025-01-03 07:30:00,1.5389071820898992,0,NORMAL
MET_001,Jayanagar,F01,Industrial,2025-01-03 07:45:00,1.3935479708737546,0,NORMAL
MET_001,Jayanagar,F01,Industrial,2025-01-03 08:00:00,,0,NORMAL
MET_001,Jayanagar,F01,Industrial,2025-01-03 08:15:00,1.6075395369539842,0,NORMAL
MET_001,Jayanagar,F01,Industrial,2025-01-03 08:30:00,1.4419200808523014,0,NORMAL
MET_001,Jayanagar,F01,Industrial,2025-01-03 08:45:00,1.6381945191695964,0,NORMAL
MET_001,Jayanagar,F01,Industrial,2025-01-03 09:00:00,1.4153527526729204,0,NORMAL
MET_001,Jayanagar,F01,Industrial,2025-01-03 09:15:00,1.579352723374826,0,NORMAL
MET_001,Jayanagar,F01,Industrial,2025-01-03 09:30:00,1.6210701324485723,0,NORMAL
MET_001,Jayanagar,F01,Industrial,2025-01-03 09:45:00,1.4443918400592053,0,NORMAL
MET_001,Jayanagar,F01,Industrial,2025-01-03 10:00:00,1.4457553855870606,0,NORMAL
MET_001,Jayanagar,F01,Industrial,2025-01-03 10:15:00,1.6541069112125877,0,NORMAL
MET_001,Jayanagar,F01,Industrial,2025-01-03 10:30:00,1.4422411180864683,0,NORMAL
MET_001,Jayanagar,F01,Industrial,2025-01-03 10:45:00,1.4922953325141382,0,NORMAL
MET_001,Jayanagar,F01,Industrial,2025-01-03 11:00:00,1.4663557068371047,0,NORMAL
MET_001,Jayanagar,F01,Industrial,2025-01-03 11:15:00,1.4129990060047641,0,NORMAL
MET_001,Jayanagar,F01,Industrial,2025-01-03 11:30:00,1.5684058613572491,0,NORMAL
MET_001,Jayanagar,F01,Industrial,2025-01-03 11:45:00,1.567234045974494,0,NORMAL
MET_001,Jayanagar,F01,Industrial,2025-01-03 12:00:00,1.4248962071069604,0,NORMAL
MET_001,Jayanagar,F01,Industrial,2025-01-03 12:15:00,1.5583240948999617,0,NORMAL
MET_001,Jayanagar,F01,Industrial,2025-01-03 12:30:00,1.3766307522910814,0,NORMAL
MET_001,Jayanagar,F01,Industrial,2025-01-03 12:45:00,1.3156518694938093,0,NORMAL
MET_001,Jayanagar,F01,Industrial,2025-01-03 13:00:00,1.46786779763123,0,NORMAL
MET_001,Jayanagar,F01,Industrial,2025-01-03 13:15:00,1.590280750780657,0,NORMAL
MET_001,Jayanagar,F01,Industrial,2025-01-03 13:30:00,1.3137270674885437,0,NORMAL
MET_001,Jayanagar,F01,Industrial,2025-01-03 13:45:00,,0,NORMAL
MET_001,Jayanagar,F01,Industrial,2025-01-03 14:00:00,1.454770658778465,0,NORMAL
MET_001,Jayanagar,F01,Industrial,2025-01-03 14:15:00,1.53912679005128,0,NORMAL
MET_001,Jayanagar,F01,Industrial,2025-01-03 14:30:00,1.3301687987219566,0,NORMAL
MET_001,Jayanagar,F01,Industrial,2025-01-03 14:45:00,1.4189210714679583,0,NORMAL
MET_001,Jayanagar,F01,Industrial,2025-01-03 15:00:00,1.5352219366755737,0,NORMAL
MET_001,Jayanagar,F01,Industrial,2025-01-03 15:15:00,1.4253462848984468,0,NORMAL
MET_001,Jayanagar,F01,Industrial,2025-01-03 15:30:00,1.3718888012506778,0,NORMAL
MET_001,Jayanagar,F01,Industrial,2025-01-03 15:45:00,1.373837251774122,0,NORMAL
MET_001,Jayanagar,F01,Industrial,2025-01-03 16:00:00,1.4552238778624853,0,NORMAL
MET_001,Jayanagar,F01,Industrial,2025-01-03 16:15:00,1.4757830195912374,0,NORMAL
MET_001,Jayanagar,F01,Industrial,2025-01-03 16:30:00,1.589116668304153,0,NORMAL
MET_001,Jayanagar,F01,Industrial,2025-01-03 16:45:00,1.5240436155010066,0,NORMAL
MET_001,Jayanagar,F01,Industrial,2025-01-03 17:00:00,1.555301845438038,0,NORMAL
MET_001,Jayanagar,F01,Industrial,2025-01-03 17:15:00,1.6429748873271803,0,NORMAL
MET_001,Jayanagar,F01,Industrial,2025-01-03 17:30:00,1.4718318993689432,0,NORMAL
MET_001,Jayanagar,F01,Industrial,2025-01-03 17:45:00,1.4692881628513423,0,NORMAL
MET_001,Jayanagar,F01,Industrial,2025-01-03 18:00:00,1.6321250490002426,0,NORMAL
MET_001,Jayanagar,F01,Industrial,2025-01-03 18:15:00,1.4282439370162188,0,NORMAL
MET_001,Jayanagar,F01,Industrial,2025-01-03 18:30:00,1.5738827915547484,0,NORMAL
MET_001,Jayanagar,F01,Industrial,2025-01-03 18:45:00,1.5813335366012697,0,NORMAL
MET_001,Jayanagar,F01,Industrial,2025-01-03 19:00:00,1.3776942985046947,0,NORMAL
MET_001,Jayanagar,F01,Industrial,2025-01-03 19:15:00,1.4886950170558042,0,NORMAL
MET_001,Jayanagar,F01,Industrial,2025-01-03 19:30:00,1.4084899347475155,0,NORMAL
MET_001,Jayanagar,F01,Industrial,2025-01-03 19:45:00,1.4039391993022092,0,NORMAL
MET_001,Jayanagar,F01,Industrial,2025-01-03 20:00:00,1.4709420481495097,0,NORMAL
MET_001,Jayanagar,F01,Industrial,2025-01-03 20:15:00,1.4192621877015554,0,NORMAL
MET_001,Jayanagar,F01,Industrial,2025-01-03 20:30:00,1.5693931837675927,0,NORMAL
MET_001,Jayanagar,F01,Industrial,2025-01-03 20:45:00,1.6024473929222114,0,NORMAL
MET_001,Jayanagar,F01,Industrial,2025-01-03 21:00:00,1.5503050056663263,0,NORMAL
MET_001,Jayanagar,F01,Industrial,2025-01-03 21:15:00,1.393398232525549,0,NORMAL
MET_001,Jayanagar,F01,Industrial,2025-01-03 21:30:00,1.3957673804042954,0,NORMAL
MET_001,Jayanagar,F01,Industrial,2025-01-03 21:45:00,1.3900938236156322,0,NORMAL
MET_001,Jayanagar,F01,Industrial,2025-01-03 22:00:00,1.3393601070419447,0,NORMAL
MET_001,Jayanagar,F01,Industrial,2025-01-03 22:15:00,1.5730628775677034,0,NORMAL
MET_001,Jayanagar,F01,Industrial,2025-01-03 22:30:00,1.4165163538247483,0,NORMAL
MET_001,Jayanagar,F01,Industrial,2025-01-03 22:45:00,1.3652661465181914,0,NORMAL
MET_001,Jayanagar,F01,Industrial,2025-01-03 23:00:00,1.5328997839998997,0,NORMAL
MET_001,Jayanagar,F01,Industrial,2025-01-03 23:15:00,1.404607717638355,0,NORMAL
MET_001,Jayanagar,F01,Industrial,2025-01-03 23:30:00,1.3002257880636756,0,NORMAL
MET_001,Jayanagar,F01,Industrial,2025-01-03 23:45:00,1.3365866645894553,0,NORMAL
MET_001,Jayanagar,F01,Industrial,2025-01-04 00:00:00,1.4748962598102366,0,NORMAL
MET_001,Jayanagar,F01,Industrial,2025-01-04 00:15:00,1.5161233086122927,0,NORMAL
MET_001,Jayanagar,F01,Industrial,2025-01-04 00:30:00,1.3519752978820436,0,NORMAL
MET_001,Jayanagar,F01,Industrial,2025-01-04 00:45:00,1.5547202341513804,0,NORMAL
MET_001,Jayanagar,F01,Industrial,2025-01-04 01:00:00,,0,NORMAL
MET_001,Jayanagar,F01,Industrial,2025-01-04 01:15:00,1.5349462838127188,0,NORMAL
MET_001,Jayanagar,F01,Industrial,2025-01-04 01:30:00,1.3568042819118922,0,NORMAL
MET_001,Jayanagar,F01,Industrial,2025-01-04 01:45:00,1.3059706528617636,0,NORMAL
MET_001,Jayanagar,F01,Industrial,2025-01-04 02:00:00,1.5406151971188147,0,NORMAL
MET_001,Jayanagar,F01,Industrial,2025-01-04 02:15:00,1.3794120796037352,0,NORMAL
MET_001,Jayanagar,F01,Industrial,2025-01-04 02:30:00,1.469286019932128,0,NORMAL
MET_001,Jayanagar,F01,Industrial,2025-01-04 02:45:00,1.5097718407651912,0,NORMAL
MET_001,Jayanagar,F01,Industrial,2025-01-04 03:00:00,1.3293085655285208,0,NORMAL
MET_001,Jayanagar,F01,Industrial,2025-01-04 03:15:00,1.5167283630795547,0,NORMAL
MET_001,Jayanagar,F01,Industrial,2025-01-04 03:30:00,1.5620142161103268,0,NORMAL
MET_001,Jayanagar,F01,Industrial,2025-01-04 03:45:00,1.5016601666242255,0,NORMAL
MET_001,Jayanagar,F01,Industrial,2025-01-04 04:00:00,1.4225113070252347,0,NORMAL
MET_001,Jayanagar,F01,Industrial,2025-01-04 04:15:00,1.5478730338480684,0,NORMAL
MET_001,Jayanagar,F01,Industrial,2025-01-04 04:30:00,1.4473371649897082,0,NORMAL
MET_001,Jayanagar,F01,Industrial,2025-01-04 04:45:00,1.5098987289878336,0,NORMAL
MET_001,Jayanagar,F01,Industrial,2025-01-04 05:00:00,1.5416702370440807,0,NORMAL
MET_001,Jayanagar,F01,Industrial,2025-01-04 05:15:00,1.5210529141434224,0,NORMAL
MET_001,Jayanagar,F01,Industrial,2025-01-04 05:30:00,1.3873292201110974,0,NORMAL
MET_001,Jayanagar,F01,Industrial,2025-01-04 05:45:00,1.3380668260618434,0,NORMAL
MET_001,Jayanagar,F01,Industrial,2025-01-04 06:00:00,1.3913703722853925,0,NORMAL
MET_001,Jayanagar,F01,Industrial,2025-01-04 06:15:00,1.4690491024289012,0,NORMAL
MET_001,Jayanagar,F01,Industrial,2025-01-04 06:30:00,1.4697544237515767,0,NORMAL
MET_001,Jayanagar,F01,Industrial,2025-01-04 06:45:00,1.4924726708904275,0,NORMAL
MET_001,Jayanagar,F01,Industrial,2025-01-04 07:00:00,1.4656903277837028,0,NORMAL
MET_001,Jayanagar,F01,Industrial,2025-01-04 07:15:00,1.5829998678262458,0,NORMAL
MET_001,Jayanagar,F01,Industrial,2025-01-04 07:30:00,1.6208053188663325,0,NORMAL
MET_001,Jayanagar,F01,Industrial,2025-01-04 07:45:00,1.42126338336171,0,NORMAL
MET_001,Jayanagar,F01,Industrial,2025-01-04 08:00:00,1.5975588600918713,0,NORMAL
MET_001,Jayanagar,F01,Industrial,2025-01-04 08:15:00,1.5796960056199225,0,NORMAL
MET_001,Jayanagar,F01,Industrial,2025-01-04 08:30:00,1.5324447918114459,0,NORMAL
MET_001,Jayanagar,F01,Industrial,2025-01-04 08:45:00,1.4303771232435105,0,NORMAL
MET_001,Jayanagar,F01,Industrial,2025-01-04 09:00:00,1.6283052187775227,0,NORMAL
MET_001,Jayanagar,F01,Industrial,2025-01-04 09:15:00,1.679164547366429,0,NORMAL
MET_001,Jayanagar,F01,Industrial,2025-01-04 09:30:00,1.6057356762012673,0,NORMAL
MET_001,Jayanagar,F01,Industrial,2025-01-04 09:45:00,1.6660137414771077,0,NORMAL
MET_001,Jayanagar,F01,Industrial,2025-01-04 10:00:00,1.6735282038948125,0,NORMAL
MET_001,Jayanagar,F01,Industrial,2025-01-04 10:15:00,1.4806289827524997,0,NORMAL
MET_001,Jayanagar,F01,Industrial,2025-01-04 10:30:00,1.567956153614801,0,NORMAL
MET_001,Jayanagar,F01,Industrial,2025-01-04 10:45:00,1.517821940465023,0,NORMAL
MET_001,Jayanagar,F01,Industrial,2025-01-04 11:00:00,1.6443176362717589,0,NORMAL
MET_001,Jayanagar,F01,Industrial,2025-01-04 11:15:00,1.37674327372298,0,NORMAL
MET_001,Jayanagar,F01,Industrial,2025-01-04 11:30:00,1.4722163791701601,0,NORMAL
MET_001,Jayanagar,F01,Industrial,2025-01-04 11:45:00,1.6110245586485124,0,NORMAL
MET_001,Jayanagar,F01,Industrial,2025-01-04 12:00:00,1.4086990590999937,0,NORMAL
MET_001,Jayanagar,F01,Industrial,2025-01-04 12:15:00,1.5570294568163512,0,NORMAL
MET_001,Jayanagar,F01,Industrial,2025-01-04 12:30:00,1.4377713784262964,0,NORMAL
MET_001,Jayanagar,F01,Industrial,2025-01-04 12:45:00,1.613619945096665,0,NORMAL
MET_001,Jayanagar,F01,Industrial,2025-01-04 13:00:00,1.570924803997576,0,NORMAL
MET_001,Jayanagar,F01,Industrial,2025-01-04 13:15:00,1.401034910359339,0,NORMAL
MET_001,Jayanagar,F01,Industrial,2025-01-04 13:30:00,1.5378529209403697,0,NORMAL
MET_001,Jayanagar,F01,Industrial,2025-01-04 13:45:00,1.411404440758754,0,NORMAL
MET_001,Jayanagar,F01,Industrial,2025-01-04 14:00:00,1.4921265842341713,0,NORMAL
MET_001,Jayanagar,F01,Industrial,2025-01-04 14:15:00,1.507355926249741,0,NORMAL
MET_001,Jayanagar,F01,Industrial,2025-01-04 14:30:00,1.5573572113754275,0,NORMAL
MET_001,Jayanagar,F01,Industrial,2025-01-04 14:45:00,1.3220865007030618,0,NORMAL
MET_001,Jayanagar,F01,Industrial,2025-01-04 15:00:00,1.3922577010444812,0,NORMAL
MET_001,Jayanagar,F01,Industrial,2025-01-04 15:15:00,1.537307199533404,0,NORMAL
MET_001,Jayanagar,F01,Industrial,2025-01-04 15:30:00,1.493536738316081,0,NORMAL
MET_001,Jayanagar,F01,Industrial,2025-01-04 15:45:00,1.473503599220606,0,NORMAL
MET_001,Jayanagar,F01,Industrial,2025-01-04 16:00:00,1.3610111316851525,0,NORMAL
MET_001,Jayanagar,F01,Industrial,2025-01-04 16:15:00,1.4485737231836493,0,NORMAL
MET_001,Jayanagar,F01,Industrial,2025-01-04 16:30:00,1.6029911261245275,0,NORMAL
MET_001,Jayanagar,F01,Industrial,2025-01-04 16:45:00,1.3537456333044895,0,NORMAL
MET_001,Jayanagar,F01,Industrial,2025-01-04 17:00:00,1.479118851358681,0,NORMAL
MET_001,Jayanagar,F01,Industrial,2025-01-04 17:15:00,1.6448741683934567,0,NORMAL
MET_001,Jayanagar,F01,Industrial,2025-01-04 17:30:00,1.3747332061905333,0,NORMAL
MET_001,Jayanagar,F01,Industrial,2025-01-04 17:45:00,1.5858347514817936,0,NORMAL
MET_001,Jayanagar,F01,Industrial,2025-01-04 18:00:00,1.4433923216301903,0,NORMAL
MET_001,Jayanagar,F01,Industrial,2025-01-04 18:15:00,1.6281531529440922,0,NORMAL
MET_001,Jayanagar,F01,Industrial,2025-01-04 18:30:00,1.5915827643942486,0,NORMAL
MET_001,Jayanagar,F01,Industrial,2025-01-04 18:45:00,1.6339467117899404,0,NORMAL
MET_001,Jayanagar,F01,Industrial,2025-01-04 19:00:00,1.4245577594972463,0,NORMAL
MET_001,Jayanagar,F01,Industrial,2025-01-04 19:15:00,1.5198221881574308,0,NORMAL
MET_001,Jayanagar,F01,Industrial,2025-01-04 19:30:00,1.5947296228853387,0,NORMAL
MET_001,Jayanagar,F01,Industrial,2025-01-04 19:45:00,1.4335519953254694,0,NORMAL
MET_001,Jayanagar,F01,Industrial,2025-01-04 20:00:00,1.4132459869914697,0,NORMAL
MET_001,Jayanagar,F01,Industrial,2025-01-04 20:15:00,1.3524339648950061,0,NORMAL
MET_001,Jayanagar,F01,Industrial,2025-01-04 20:30:00,1.6306570541635992,0,NORMAL
MET_001,Jayanagar,F01,Industrial,2025-01-04 20:45:00,1.5564215395987322,0,NORMAL
MET_001,Jayanagar,F01,Industrial,2025-01-04 21:00:00,1.5136153207125476,0,NORMAL
MET_001,Jayanagar,F01,Industrial,2025-01-04 21:15:00,1.5455744274933594,0,NORMAL
MET_001,Jayanagar,F01,Industrial,2025-01-04 21:30:00,1.4829786579541562,0,NORMAL
MET_001,Jayanagar,F01,Industrial,2025-01-04 21:45:00,1.4666271780131783,0,NORMAL
MET_001,Jayanagar,F01,Industrial,2025-01-04 22:00:00,1.441841369657356,0,NORMAL
MET_001,Jayanagar,F01,Industrial,2025-01-04 22:15:00,1.497454214489059,0,NORMAL
MET_001,Jayanagar,F01,Industrial,2025-01-04 22:30:00,1.369597630274845,0,NORMAL
MET_001,Jayanagar,F01,Industrial,2025-01-04 22:45:00,1.569587902482478,0,NORMAL
MET_001,Jayanagar,F01,Industrial,2025-01-04 23:00:00,1.5352439391531725,0,NORMAL
MET_001,Jayanagar,F01,Industrial,2025-01-04 23:15:00,1.4016585529024785,0,NORMAL
MET_001,Jayanagar,F01,Industrial,2025-01-04 23:30:00,1.4678591164197425,0,NORMAL
MET_001,Jayanagar,F01,Industrial,2025-01-04 23:45:00,1.3413857679621397,0,NORMAL
MET_001,Jayanagar,F01,Industrial,2025-01-05 00:00:00,1.5829431499628204,0,NORMAL
MET_001,Jayanagar,F01,Industrial,2025-01-05 00:15:00,1.5628528573275224,0,NORMAL
MET_001,Jayanagar,F01,Industrial,2025-01-05 00:30:00,1.568350233860704,0,NORMAL
MET_001,Jayanagar,F01,Industrial,2025-01-05 00:45:00,1.3977623215552164,0,NORMAL
MET_001,Jayanagar,F01,Industrial,2025-01-05 01:00:00,1.3506328755829173,0,NORMAL
MET_001,Jayanagar,F01,Industrial,2025-01-05 01:15:00,,0,NORMAL
MET_001,Jayanagar,F01,Industrial,2025-01-05 01:30:00,1.3277421120265158,0,NORMAL
MET_001,Jayanagar,F01,Industrial,2025-01-05 01:45:00,1.3364517618174963,0,NORMAL
MET_001,Jayanagar,F01,Industrial,2025-01-05 02:00:00,1.3225086275574194,0,NORMAL
MET_001,Jayanagar,F01,Industrial,2025-01-05 02:15:00,1.5882421130540278,0,NORMAL
MET_001,Jayanagar,F01,Industrial,2025-01-05 02:30:00,1.323305131820451,0,NORMAL
MET_001,Jayanagar,F01,Industrial,2025-01-05 02:45:00,1.3402250547443644,0,NORMAL
MET_001,Jayanagar,F01,Industrial,2025-01-05 03:00:00,1.5421919625291567,0,NORMAL
MET_001,Jayanagar,F01,Industrial,2025-01-05 03:15:00,1.4706835367813995,0,NORMAL
MET_001,Jayanagar,F01,Industrial,2025-01-05 03:30:00,1.5268960163166998,0,NORMAL
MET_001,Jayanagar,F01,Industrial,2025-01-05 03:45:00,1.4853525614076408,0,NORMAL
MET_001,Jayanagar,F01,Industrial,2025-01-05 04:00:00,1.561741546071856,0,NORMAL
MET_001,Jayanagar,F01,Industrial,2025-01-05 04:15:00,1.4910251183562602,0,NORMAL
MET_001,Jayanagar,F01,Industrial,2025-01-05 04:30:00,1.457266124692868,0,NORMAL
MET_001,Jayanagar,F01,Industrial,2025-01-05 04:45:00,1.5125795165787512,0,NORMAL
MET_001,Jayanagar,F01,Industrial,2025-01-05 05:00:00,1.444923958940532,0,NORMAL
MET_001,Jayanagar,F01,Industrial,2025-01-05 05:15:00,1.4153300689001438,0,NORMAL
MET_001,Jayanagar,F01,Industrial,2025-01-05 05:30:00,1.4508409597428744,0,NORMAL
MET_001,Jayanagar,F01,Industrial,2025-01-05 05:45:00,1.3638257826640772,0,NORMAL
MET_001,Jayanagar,F01,Industrial,2025-01-05 06:00:00,1.5676228036245032,0,NORMAL
MET_001,Jayanagar,F01,Industrial,2025-01-05 06:15:00,1.4090223241820687,0,NORMAL
MET_001,Jayanagar,F01,Industrial,2025-01-05 06:30:00,1.3773026292415955,0,NORMAL
MET_001,Jayanagar,F01,Industrial,2025-01-05 06:45:00,1.4047747085888787,0,NORMAL
MET_001,Jayanagar,F01,Industrial,2025-01-05 07:00:00,1.6122044885638827,0,NORMAL
MET_001,Jayanagar,F01,Industrial,2025-01-05 07:15:00,1.457725561100373,0,NORMAL
MET_001,Jayanagar,F01,Industrial,2025-01-05 07:30:00,1.5651185102389165,0,NORMAL
MET_001,Jayanagar,F01,Industrial,2025-01-05 07:45:00,1.6165320566344694,0,NORMAL
MET_001,Jayanagar,F01,Industrial,2025-01-05 08:00:00,1.4076524758841857,0,NORMAL
MET_001,Jayanagar,F01,Industrial,2025-01-05 08:15:00,1.6189903934764154,0,NORMAL
MET_001,Jayanagar,F01,Industrial,2025-01-05 08:30:00,1.4783529203513253,0,NORMAL
MET_001,Jayanagar,F01,Industrial,2025-01-05 08:45:00,1.4503572461620444,0,NORMAL
MET_001,Jayanagar,F01,Industrial,2025-01-05 09:00:00,1.6082600430740202,0,NORMAL
MET_001,Jayanagar,F01,Industrial,2025-01-05 09:15:00,1.6767247998872052,0,NORMAL
MET_001,Jayanagar,F01,Industrial,2025-01-05 09:30:00,1.48617927509473,0,NORMAL
MET_001,Jayanagar,F01,Industrial,2025-01-05 09:45:00,1.5710460005611981,0,NORMAL
MET_001,Jayanagar,F01,Industrial,2025-01-05 10:00:00,1.4732330040894215,0,NORMAL
MET_001,Jayanagar,F01,Industrial,2025-01-05 10:15:00,1.5545716532135383,0,NORMAL
MET_001,Jayanagar,F01,Industrial,2025-01-05 10:30:00,1.5753564751093472,0,NORMAL
MET_001,Jayanagar,F01,Industrial,2025-01-05 10:45:00,1.5718111687757732,0,NORMAL
MET_001,Jayanagar,F01,Industrial,2025-01-05 11:00:00,1.5476788929253504,0,NORMAL
MET_001,Jayanagar,F01,Industrial,2025-01-05 11:15:00,1.400126912863303,0,NORMAL
MET_001,Jayanagar,F01,Industrial,2025-01-05 11:30:00,1.568822136939779,0,NORMAL
MET_001,Jayanagar,F01,Industrial,2025-01-05 11:45:00,1.5631461735528407,0,NORMAL
MET_001,Jayanagar,F01,Industrial,2025-01-05 12:00:00,1.5381515922596352,0,NORMAL
MET_001,Jayanagar,F01,Industrial,2025-01-05 12:15:00,1.3575483403055817,0,NORMAL
MET_001,Jayanagar,F01,Industrial,2025-01-05 12:30:00,1.4681830511463352,0,NORMAL
MET_001,Jayanagar,F01,Industrial,2025-01-05 12:45:00,1.4569632057862067,0,NORMAL
MET_001,Jayanagar,F01,Industrial,2025-01-05 13:00:00,1.3490242104121146,0,NORMAL
MET_001,Jayanagar,F01,Industrial,2025-01-05 13:15:00,1.3889229108752152,0,NORMAL
MET_001,Jayanagar,F01,Industrial,2025-01-05 13:30:00,1.4532150619909405,0,NORMAL
MET_001,Jayanagar,F01,Industrial,2025-01-05 13:45:00,1.5420214613767471,0,NORMAL
MET_001,Jayanagar,F01,Industrial,2025-01-05 14:00:00,1.3951892502571377,0,NORMAL
MET_001,Jayanagar,F01,Industrial,2025-01-05 14:15:00,1.569751390274909,0,NORMAL
MET_001,Jayanagar,F01,Industrial,2025-01-05 14:30:00,1.4861201759278495,0,NORMAL
MET_001,Jayanagar,F01,Industrial,2025-01-05 14:45:00,1.549332406397527,0,NORMAL
MET_001,Jayanagar,F01,Industrial,2025-01-05 15:00:00,1.478334909108641,0,NORMAL
MET_001,Jayanagar,F01,Industrial,2025-01-05 15:15:00,1.4862544264200699,0,NORMAL
MET_001,Jayanagar,F01,Industrial,2025-01-05 15:30:00,1.5220864126061207,0,NORMAL
MET_001,Jayanagar,F01,Industrial,2025-01-05 15:45:00,1.6137291289544045,0,NORMAL
MET_001,Jayanagar,F01,Industrial,2025-01-05 16:00:00,1.5032859483115144,0,NORMAL
MET_001,Jayanagar,F01,Industrial,2025-01-05 16:15:00,1.5143818187519538,0,NORMAL
MET_001,Jayanagar,F01,Industrial,2025-01-05 16:30:00,1.536468010068611,0,NORMAL
MET_001,Jayanagar,F01,Industrial,2025-01-05 16:45:00,1.577279351249195,0,NORMAL
MET_001,Jayanagar,F01,Industrial,2025-01-05 17:00:00,1.3920185486356673,0,NORMAL
MET_001,Jayanagar,F01,Industrial,2025-01-05 17:15:00,1.527156279458336,0,NORMAL
MET_001,Jayanagar,F01,Industrial,2025-01-05 17:30:00,1.5167749127913515,0,NORMAL
MET_001,Jayanagar,F01,Industrial,2025-01-05 17:45:00,1.6507727745019263,0,NORMAL
MET_001,Jayanagar,F01,Industrial,2025-01-05 18:00:00,1.526971701152552,0,NORMAL
MET_001,Jayanagar,F01,Industrial,2025-01-05 18:15:00,1.5192700232850076,0,NORMAL
MET_001,Jayanagar,F01,Industrial,2025-01-05 18:30:00,1.6702941458423926,0,NORMAL
MET_001,Jayanagar,F01,Industrial,2025-01-05 18:45:00,1.5138440377603088,0,NORMAL
MET_001,Jayanagar,F01,Industrial,2025-01-05 19:00:00,1.4251847264293183,0,NORMAL
MET_001,Jayanagar,F01,Industrial,2025-01-05 19:15:00,1.4361552638479556,0,NORMAL
MET_001,Jayanagar,F01,Industrial,2025-01-05 19:30:00,1.3990926698152981,0,NORMAL
MET_001,Jayanagar,F01,Industrial,2025-01-05 19:45:00,1.3702839823441364,0,NORMAL
MET_001,Jayanagar,F01,Industrial,2025-01-05 20:00:00,1.4850341249594765,0,NORMAL
MET_001,Jayanagar,F01,Industrial,2025-01-05 20:15:00,1.5865959570061559,0,NORMAL
MET_001,Jayanagar,F01,Industrial,2025-01-05 20:30:00,1.5758235782775143,0,NORMAL
MET_001,Jayanagar,F01,Industrial,2025-01-05 20:45:00,,0,NORMAL
MET_001,Jayanagar,F01,Industrial,2025-01-05 21:00:00,1.5061361094347965,0,NORMAL
MET_001,Jayanagar,F01,Industrial,2025-01-05 21:15:00,1.3826444806646205,0,NORMAL
MET_001,Jayanagar,F01,Industrial,2025-01-05 21:30:00,1.6163765485015988,0,NORMAL
MET_001,Jayanagar,F01,Industrial,2025-01-05 21:45:00,1.386530703465092,0,NORMAL
MET_001,Jayanagar,F01,Industrial,2025-01-05 22:00:00,1.5052759696890021,0,NORMAL
MET_001,Jayanagar,F01,Industrial,2025-01-05 22:15:00,1.4170727297286971,0,NORMAL
MET_001,Jayanagar,F01,Industrial,2025-01-05 22:30:00,1.5096573763059682,0,NORMAL
MET_001,Jayanagar,F01,Industrial,2025-01-05 22:45:00,1.4423298594194012,0,NORMAL
MET_001,Jayanagar,F01,Industrial,2025-01-05 23:00:00,1.5322368088220193,0,NORMAL
MET_001,Jayanagar,F01,Industrial,2025-01-05 23:15:00,1.3781392795039134,0,NORMAL
MET_001,Jayanagar,F01,Industrial,2025-01-05 23:30:00,,0,NORMAL
MET_001,Jayanagar,F01,Industrial,2025-01-05 23:45:00,1.4566587884980764,0,NORMAL
MET_001,Jayanagar,F01,Industrial,2025-01-06 00:00:00,1.5321128409439864,0,NORMAL
MET_001,Jayanagar,F01,Industrial,2025-01-06 00:15:00,1.5594073566596025,0,NORMAL
MET_001,Jayanagar,F01,Industrial,2025-01-06 00:30:00,1.6028684591824702,0,NORMAL
MET_001,Jayanagar,F01,Industrial,2025-01-06 00:45:00,1.3769957287244006,0,NORMAL
MET_001,Jayanagar,F01,Industrial,2025-01-06 01:00:00,1.3953736883551584,0,NORMAL
MET_001,Jayanagar,F01,Industrial,2025-01-06 01:15:00,1.3847458360951497,0,NORMAL
MET_001,Jayanagar,F01,Industrial,2025-01-06 01:30:00,1.388371570475603,0,NORMAL
MET_001,Jayanagar,F01,Industrial,2025-01-06 01:45:00,1.48152685545396,0,NORMAL
MET_001,Jayanagar,F01,Industrial,2025-01-06 02:00:00,1.6015673954461809,0,NORMAL
MET_001,Jayanagar,F01,Industrial,2025-01-06 02:15:00,1.6006215209226229,0,NORMAL
MET_001,Jayanagar,F01,Industrial,2025-01-06 02:30:00,1.4654925100846414,0,NORMAL
MET_001,Jayanagar,F01,Industrial,2025-01-06 02:45:00,1.4982187457306513,0,NORMAL
MET_001,Jayanagar,F01,Industrial,2025-01-06 03:00:00,1.5636276284942259,0,NORMAL
MET_001,Jayanagar,F01,Industrial,2025-01-06 03:15:00,1.5849126016916253,0,NORMAL
MET_001,Jayanagar,F01,Industrial,2025-01-06 03:30:00,1.3722251601030664,0,NORMAL
MET_001,Jayanagar,F01,Industrial,2025-01-06 03:45:00,1.4669421621448873,0,NORMAL
MET_001,Jayanagar,F01,Industrial,2025-01-06 04:00:00,,0,NORMAL
MET_001,Jayanagar,F01,Industrial,2025-01-06 04:15:00,1.4044883840800055,0,NORMAL
MET_001,Jayanagar,F01,Industrial,2025-01-06 04:30:00,1.4444331737544338,0,NORMAL
MET_001,Jayanagar,F01,Industrial,2025-01-06 04:45:00,1.6040322671445886,0,NORMAL
MET_001,Jayanagar,F01,Industrial,2025-01-06 05:00:00,1.6143023653394653,0,NORMAL
MET_001,Jayanagar,F01,Industrial,2025-01-06 05:15:00,1.5910695923725406,0,NORMAL
MET_001,Jayanagar,F01,Industrial,2025-01-06 05:30:00,1.5593846631785893,0,NORMAL
MET_001,Jayanagar,F01,Industrial,2025-01-06 05:45:00,1.4036012952327286,0,NORMAL
MET_001,Jayanagar,F01,Industrial,2025-01-06 06:00:00,1.437825857198009,0,NORMAL
MET_001,Jayanagar,F01,Industrial,2025-01-06 06:15:00,1.5053597739358073,0,NORMAL
MET_001,Jayanagar,F01,Industrial,2025-01-06 06:30:00,1.5093845390070313,0,NORMAL
MET_001,Jayanagar,F01,Industrial,2025-01-06 06:45:00,1.4928988189581316,0,NORMAL
MET_001,Jayanagar,F01,Industrial,2025-01-06 07:00:00,1.5621695870075818,0,NORMAL
MET_001,Jayanagar,F01,Industrial,2025-01-06 07:15:00,1.4927243781143205,0,NORMAL
MET_001,Jayanagar,F01,Industrial,2025-01-06 07:30:00,1.5963843849440313,0,NORMAL
MET_001,Jayanagar,F01,Industrial,2025-01-06 07:45:00,1.4699843051927888,0,NORMAL
MET_001,Jayanagar,F01,Industrial,2025-01-06 08:00:00,,0,NORMAL
MET_001,Jayanagar,F01,Industrial,2025-01-06 08:15:00,1.4338395024879376,0,NORMAL
MET_001,Jayanagar,F01,Industrial,2025-01-06 08:30:00,1.4528922594020806,0,NORMAL
MET_001,Jayanagar,F01,Industrial,2025-01-06 08:45:00,1.6579670537522946,0,NORMAL
MET_001,Jayanagar,F01,Industrial,2025-01-06 09:00:00,1.5448833837458216,0,NORMAL
MET_001,Jayanagar,F01,Industrial,2025-01-06 09:15:00,1.476665480056042,0,NORMAL
MET_001,Jayanagar,F01,Industrial,2025-01-06 09:30:00,1.642661724241142,0,NORMAL
MET_001,Jayanagar,F01,Industrial,2025-01-06 09:45:00,1.5785211859297683,0,NORMAL
MET_001,Jayanagar,F01,Industrial,2025-01-06 10:00:00,1.4013170631161633,0,NORMAL
MET_001,Jayanagar,F01,Industrial,2025-01-06 10:15:00,,0,NORMAL
MET_001,Jayanagar,F01,Industrial,2025-01-06 10:30:00,1.4496208193354234,0,NORMAL
MET_001,Jayanagar,F01,Industrial,2025-01-06 10:45:00,1.5980454107528834,0,NORMAL
MET_001,Jayanagar,F01,Industrial,2025-01-06 11:00:00,1.4535244374446281,0,NORMAL
MET_001,Jayanagar,F01,Industrial,2025-01-06 11:15:00,1.3895745687843772,0,NORMAL
MET_001,Jayanagar,F01,Industrial,2025-01-06 11:30:00,1.3865269694449007,0,NORMAL
MET_001,Jayanagar,F01,Industrial,2025-01-06 11:45:00,1.5468830985939566,0,NORMAL
MET_001,Jayanagar,F01,Industrial,2025-01-06 12:00:00,1.3523602335349334,0,NORMAL
MET_001,Jayanagar,F01,Industrial,2025-01-06 12:15:00,1.5997205096931753,0,NORMAL
MET_001,Jayanagar,F01,Industrial,2025-01-06 12:30:00,1.3923394469103583,0,NORMAL
MET_001,Jayanagar,F01,Industrial,2025-01-06 12:45:00,1.527275453547431,0,NORMAL
MET_001,Jayanagar,F01,Industrial,2025-01-06 13:00:00,1.4655247835841791,0,NORMAL
MET_001,Jayanagar,F01,Industrial,2025-01-06 13:15:00,1.4649804729655176,0,NORMAL
MET_001,Jayanagar,F01,Industrial,2025-01-06 13:30:00,1.355006014473157,0,NORMAL
MET_001,Jayanagar,F01,Industrial,2025-01-06 13:45:00,1.57164917177175,0,NORMAL
MET_001,Jayanagar,F01,Industrial,2025-01-06 14:00:00,1.6006435989319159,0,NORMAL
MET_001,Jayanagar,F01,Industrial,2025-01-06 14:15:00,1.3388577199530272,0,NORMAL
MET_001,Jayanagar,F01,Industrial,2025-01-06 14:30:00,1.3885972456113334,0,NORMAL
MET_001,Jayanagar,F01,Industrial,2025-01-06 14:45:00,1.603864355759668,0,NORMAL
MET_001,Jayanagar,F01,Industrial,2025-01-06 15:00:00,1.5127840196750213,0,NORMAL
MET_001,Jayanagar,F01,Industrial,2025-01-06 15:15:00,1.3931110927635129,0,NORMAL
MET_001,Jayanagar,F01,Industrial,2025-01-06 15:30:00,1.4089147922780225,0,NORMAL
MET_001,Jayanagar,F01,Industrial,2025-01-06 15:45:00,1.5458866434125986,0,NORMAL
MET_001,Jayanagar,F01,Industrial,2025-01-06 16:00:00,1.585587982943697,0,NORMAL
MET_001,Jayanagar,F01,Industrial,2025-01-06 16:15:00,1.547535567784395,0,NORMAL
MET_001,Jayanagar,F01,Industrial,2025-01-06 16:30:00,1.6548803210826986,0,NORMAL
MET_001,Jayanagar,F01,Industrial,2025-01-06 16:45:00,1.515560737422625,0,NORMAL
MET_001,Jayanagar,F01,Industrial,2025-01-06 17:00:00,1.4728374080474367,0,NORMAL
MET_001,Jayanagar,F01,Industrial,2025-01-06 17:15:00,1.5271332442301646,0,NORMAL
MET_001,Jayanagar,F01,Industrial,2025-01-06 17:30:00,1.4910610146550607,0,NORMAL
MET_001,Jayanagar,F01,Industrial,2025-01-06 17:45:00,1.449562980026974,0,NORMAL
MET_001,Jayanagar,F01,Industrial,2025-01-06 18:00:00,1.4008358008119153,0,NORMAL
MET_001,Jayanagar,F01,Industrial,2025-01-06 18:15:00,1.4952063185111555,0,NORMAL
MET_001,Jayanagar,F01,Industrial,2025-01-06 18:30:00,1.6058926098923791,0,NORMAL
MET_001,Jayanagar,F01,Industrial,2025-01-06 18:45:00,1.3923538512829512,0,NORMAL
MET_001,Jayanagar,F01,Industrial,2025-01-06 19:00:00,1.5154231366495627,0,NORMAL
MET_001,Jayanagar,F01,Industrial,2025-01-06 19:15:00,1.5782687022259847,0,NORMAL
MET_001,Jayanagar,F01,Industrial,2025-01-06 19:30:00,1.567958032690131,0,NORMAL
MET_001,Jayanagar,F01,Industrial,2025-01-06 19:45:00,1.6189645914460364,0,NORMAL
MET_001,Jayanagar,F01,Industrial,2025-01-06 20:00:00,1.6113546103196914,0,NORMAL
MET_001,Jayanagar,F01,Industrial,2025-01-06 20:15:00,1.5813718151548264,0,NORMAL
MET_001,Jayanagar,F01,Industrial,2025-01-06 20:30:00,1.3966127018003576,0,NORMAL
MET_001,Jayanagar,F01,Industrial,2025-01-06 20:45:00,1.509555708446205,0,NORMAL
MET_001,Jayanagar,F01,Industrial,2025-01-06 21:00:00,1.5277552758078208,0,NORMAL
MET_001,Jayanagar,F01,Industrial,2025-01-06 21:15:00,1.4206323410052109,0,NORMAL
MET_001,Jayanagar,F01,Industrial,2025-01-06 21:30:00,1.3598580169500691,0,NORMAL
MET_001,Jayanagar,F01,Industrial,2025-01-06 21:45:00,1.4140536915126765,0,NORMAL
MET_001,Jayanagar,F01,Industrial,2025-01-06 22:00:00,1.466066689777707,0,NORMAL
MET_001,Jayanagar,F01,Industrial,2025-01-06 22:15:00,1.45394613336977,0,NORMAL
MET_001,Jayanagar,F01,Industrial,2025-01-06 22:30:00,1.3837440568076456,0,NORMAL
MET_001,Jayanagar,F01,Industrial,2025-01-06 22:45:00,1.5754015397247132,0,NORMAL
MET_001,Jayanagar,F01,Industrial,2025-01-06 23:00:00,1.5927964508973893,0,NORMAL
MET_001,Jayanagar,F01,Industrial,2025-01-06 23:15:00,1.380155429941753,0,NORMAL
MET_001,Jayanagar,F01,Industrial,2025-01-06 23:30:00,1.5939373203461535,0,NORMAL
MET_001,Jayanagar,F01,Industrial,2025-01-06 23:45:00,1.3262898027057604,0,NORMAL
MET_001,Jayanagar,F01,Industrial,2025-01-07 00:00:00,1.5931334940242743,0,NORMAL
MET_001,Jayanagar,F01,Industrial,2025-01-07 00:15:00,1.6010526167159218,0,NORMAL
MET_001,Jayanagar,F01,Industrial,2025-01-07 00:30:00,1.3250415990727549,0,NORMAL
MET_001,Jayanagar,F01,Industrial,2025-01-07 00:45:00,1.5455760963462168,0,NORMAL
MET_001,Jayanagar,F01,Industrial,2025-01-07 01:00:00,1.6064526284675813,0,NORMAL
MET_001,Jayanagar,F01,Industrial,2025-01-07 01:15:00,1.5875696194096087,0,NORMAL
MET_001,Jayanagar,F01,Industrial,2025-01-07 01:30:00,1.6066019874125492,0,NORMAL
MET_001,Jayanagar,F01,Industrial,2025-01-07 01:45:00,1.4831456140524142,0,NORMAL
MET_001,Jayanagar,F01,Industrial,2025-01-07 02:00:00,1.3446604784228382,0,NORMAL
MET_001,Jayanagar,F01,Industrial,2025-01-07 02:15:00,1.5712985495426857,0,NORMAL
MET_001,Jayanagar,F01,Industrial,2025-01-07 02:30:00,1.5019939335665646,0,NORMAL
MET_001,Jayanagar,F01,Industrial,2025-01-07 02:45:00,1.5022607677201834,0,NORMAL
MET_001,Jayanagar,F01,Industrial,2025-01-07 03:00:00,1.4451777651378623,0,NORMAL
MET_001,Jayanagar,F01,Industrial,2025-01-07 03:15:00,1.490611189560308,0,NORMAL
MET_001,Jayanagar,F01,Industrial,2025-01-07 03:30:00,,0,NORMAL
MET_001,Jayanagar,F01,Industrial,2025-01-07 03:45:00,1.5399651385983413,0,NORMAL
MET_001,Jayanagar,F01,Industrial,2025-01-07 04:00:00,1.3477451118830346,0,NORMAL
MET_001,Jayanagar,F01,Industrial,2025-01-07 04:15:00,,0,NORMAL
MET_001,Jayanagar,F01,Industrial,2025-01-07 04:30:00,1.5757447542496326,0,NORMAL
MET_001,Jayanagar,F01,Industrial,2025-01-07 04:45:00,1.4648295086032308,0,NORMAL
MET_001,Jayanagar,F01,Industrial,2025-01-07 05:00:00,1.4854406528306474,0,NORMAL
MET_001,Jayanagar,F01,Industrial,2025-01-07 05:15:00,1.4268464576289268,0,NORMAL
MET_001,Jayanagar,F01,Industrial,2025-01-07 05:30:00,1.621722800094307,0,NORMAL
MET_001,Jayanagar,F01,Industrial,2025-01-07 05:45:00,1.5516485125926218,0,NORMAL
MET_001,Jayanagar,F01,Industrial,2025-01-07 06:00:00,1.4630162446063557,0,NORMAL
MET_001,Jayanagar,F01,Industrial,2025-01-07 06:15:00,1.4046693828903687,0,NORMAL
MET_001,Jayanagar,F01,Industrial,2025-01-07 06:30:00,1.4181223750103102,0,NORMAL
MET_001,Jayanagar,F01,Industrial,2025-01-07 06:45:00,1.491541592682513,0,NORMAL
MET_001,Jayanagar,F01,Industrial,2025-01-07 07:00:00,1.6675471232388912,0,NORMAL
MET_001,Jayanagar,F01,Industrial,2025-01-07 07:15:00,1.6036887438990888,0,NORMAL
MET_001,Jayanagar,F01,Industrial,2025-01-07 07:30:00,1.4447023113558266,0,NORMAL
MET_001,Jayanagar,F01,Industrial,2025-01-07 07:45:00,1.6421145482231285,0,NORMAL
MET_001,Jayanagar,F01,Industrial,2025-01-07 08:00:00,1.522885361836588,0,NORMAL
MET_001,Jayanagar,F01,Industrial,2025-01-07 08:15:00,1.6707102002649243,0,NORMAL
MET_001,Jayanagar,F01,Industrial,2025-01-07 08:30:00,1.4802722589879824,0,NORMAL
MET_001,Jayanagar,F01,Industrial,2025-01-07 08:45:00,1.5979526223571476,0,NORMAL
MET_001,Jayanagar,F01,Industrial,2025-01-07 09:00:00,1.7075678986565594,0,NORMAL
MET_001,Jayanagar,F01,Industrial,2025-01-07 09:15:00,1.497129242152254,0,NORMAL
MET_001,Jayanagar,F01,Industrial,2025-01-07 09:30:00,1.6340175372062584,0,NORMAL
MET_001,Jayanagar,F01,Industrial,2025-01-07 09:45:00,1.7266496833207934,0,NORMAL
MET_001,Jayanagar,F01,Industrial,2025-01-07 10:00:00,1.4521901100416414,0,NORMAL
MET_001,Jayanagar,F01,Industrial,2025-01-07 10:15:00,1.4327688645406678,0,NORMAL
MET_001,Jayanagar,F01,Industrial,2025-01-07 10:30:00,1.6156878366606497,0,NORMAL
MET_001,Jayanagar,F01,Industrial,2025-01-07 10:45:00,1.5112500036421472,0,NORMAL
MET_001,Jayanagar,F01,Industrial,2025-01-07 11:00:00,1.4018718593810964,0,NORMAL
MET_001,Jayanagar,F01,Industrial,2025-01-07 11:15:00,1.5257860243672028,0,NORMAL
MET_001,Jayanagar,F01,Industrial,2025-01-07 11:30:00,1.6111834114103791,0,NORMAL
MET_001,Jayanagar,F01,Industrial,2025-01-07 11:45:00,1.4674621911056929,0,NORMAL
MET_001,Jayanagar,F01,Industrial,2025-01-07 12:00:00,1.4568566265514113,0,NORMAL
MET_001,Jayanagar,F01,Industrial,2025-01-07 12:15:00,1.6107222520669717,0,NORMAL
MET_001,Jayanagar,F01,Industrial,2025-01-07 12:30:00,1.512606850859844,0,NORMAL
MET_001,Jayanagar,F01,Industrial,2025-01-07 12:45:00,1.6098281298691526,0,NORMAL
MET_001,Jayanagar,F01,Industrial,2025-01-07 13:00:00,1.4769653699638992,0,NORMAL
MET_001,Jayanagar,F01,Industrial,2025-01-07 13:15:00,1.62822913353051,0,NORMAL
MET_001,Jayanagar,F01,Industrial,2025-01-07 13:30:00,1.537999635672338,0,NORMAL
MET_001,Jayanagar,F01,Industrial,2025-01-07 13:45:00,1.378282641542963,0,NORMAL
MET_001,Jayanagar,F01,Industrial,2025-01-07 14:00:00,1.6102041180234112,0,NORMAL
MET_001,Jayanagar,F01,Industrial,2025-01-07 14:15:00,1.4918470997159055,0,NORMAL
MET_001,Jayanagar,F01,Industrial,2025-01-07 14:30:00,1.387902901017302,0,NORMAL
MET_001,Jayanagar,F01,Industrial,2025-01-07 14:45:00,1.391207325440306,0,NORMAL
MET_001,Jayanagar,F01,Industrial,2025-01-07 15:00:00,1.565733278895152,0,NORMAL
MET_001,Jayanagar,F01,Industrial,2025-01-07 15:15:00,1.3725158339939474,0,NORMAL
MET_001,Jayanagar,F01,Industrial,2025-01-07 15:30:00,1.4447190599667585,0,NORMAL
MET_001,Jayanagar,F01,Industrial,2025-01-07 15:45:00,1.4004091208416463,0,NORMAL
MET_001,Jayanagar,F01,Industrial,2025-01-07 16:00:00,1.5106667376408491,0,NORMAL
MET_001,Jayanagar,F01,Industrial,2025-01-07 16:15:00,1.5024963454026974,0,NORMAL
MET_001,Jayanagar,F01,Industrial,2025-01-07 16:30:00,1.5353699265980707,0,NORMAL
MET_001,Jayanagar,F01,Industrial,2025-01-07 16:45:00,1.4613083326958245,0,NORMAL
MET_001,Jayanagar,F01,Industrial,2025-01-07 17:00:00,1.4009117448358526,0,NORMAL
MET_001,Jayanagar,F01,Industrial,2025-01-07 17:15:00,1.5809211502428429,0,NORMAL
MET_001,Jayanagar,F01,Industrial,2025-01-07 17:30:00,1.5065276087056823,0,NORMAL
MET_001,Jayanagar,F01,Industrial,2025-01-07 17:45:00,1.5923425181153361,0,NORMAL
MET_001,Jayanagar,F01,Industrial,2025-01-07 18:00:00,1.4307520243450078,0,NORMAL
MET_001,Jayanagar,F01,Industrial,2025-01-07 18:15:00,1.4012937210350438,0,NORMAL
MET_001,Jayanagar,F01,Industrial,2025-01-07 18:30:00,1.4740990508502867,0,NORMAL
MET_001,Jayanagar,F01,Industrial,2025-01-07 18:45:00,1.5387508277470525,0,NORMAL
MET_001,Jayanagar,F01,Industrial,2025-01-07 19:00:00,1.5127852219026094,0,NORMAL
MET_001,Jayanagar,F01,Industrial,2025-01-07 19:15:00,1.641444439691609,0,NORMAL
MET_001,Jayanagar,F01,Industrial,2025-01-07 19:30:00,1.507767099037995,0,NORMAL
MET_001,Jayanagar,F01,Industrial,2025-01-07 19:45:00,1.5549377116479473,0,NORMAL
MET_001,Jayanagar,F01,Industrial,2025-01-07 20:00:00,1.5570389296736926,0,NORMAL
MET_001,Jayanagar,F01,Industrial,2025-01-07 20:15:00,1.3822805452210862,0,NORMAL
MET_001,Jayanagar,F01,Industrial,2025-01-07 20:30:00,1.5330782371299916,0,NORMAL
MET_001,Jayanagar,F01,Industrial,2025-01-07 20:45:00,1.4810185110215952,0,NORMAL
MET_001,Jayanagar,F01,Industrial,2025-01-07 21:00:00,1.4842241475884654,0,NORMAL
MET_001,Jayanagar,F01,Industrial,2025-01-07 21:15:00,1.3874149541468714,0,NORMAL
MET_001,Jayanagar,F01,Industrial,2025-01-07 21:30:00,1.5932622503657112,0,NORMAL
MET_001,Jayanagar,F01,Industrial,2025-01-07 21:45:00,1.6413915892633422,0,NORMAL
MET_001,Jayanagar,F01,Industrial,2025-01-07 22:00:00,1.3480420160559763,0,NORMAL
MET_001,Jayanagar,F01,Industrial,2025-01-07 22:15:00,1.5206669697437056,0,NORMAL
MET_001,Jayanagar,F01,Industrial,2025-01-07 22:30:00,1.5690980014946974,0,NORMAL
MET_001,Jayanagar,F01,Industrial,2025-01-07 22:45:00,1.426302133747443,0,NORMAL
MET_001,Jayanagar,F01,Industrial,2025-01-07 23:00:00,1.5638253398025916,0,NORMAL
MET_001,Jayanagar,F01,Industrial,2025-01-07 23:15:00,1.5179238785174465,0,NORMAL
MET_001,Jayanagar,F01,Industrial,2025-01-07 23:30:00,1.6057064482801977,0,NORMAL
MET_001,Jayanagar,F01,Industrial,2025-01-07 23:45:00,1.6210390744850551,0,NORMAL
MET_001,Jayanagar,F01,Industrial,2025-01-08 00:00:00,1.3435128350326297,0,NORMAL
MET_001,Jayanagar,F01,Industrial,2025-01-08 00:15:00,1.4625894160515291,0,NORMAL
MET_001,Jayanagar,F01,Industrial,2025-01-08 00:30:00,1.492773271937024,0,NORMAL
MET_001,Jayanagar,F01,Industrial,2025-01-08 00:45:00,1.374390902462454,0,NORMAL
MET_001,Jayanagar,F01,Industrial,2025-01-08 01:00:00,1.4304830635949621,0,NORMAL
MET_001,Jayanagar,F01,Industrial,2025-01-08 01:15:00,1.6231436702123265,0,NORMAL
MET_001,Jayanagar,F01,Industrial,2025-01-08 01:30:00,1.3358166588178628,0,NORMAL
MET_001,Jayanagar,F01,Industrial,2025-01-08 01:45:00,1.4648593914349608,0,NORMAL
MET_001,Jayanagar,F01,Industrial,2025-01-08 02:00:00,1.5804665427788758,0,NORMAL
MET_001,Jayanagar,F01,Industrial,2025-01-08 02:15:00,1.427008685982536,0,NORMAL
MET_001,Jayanagar,F01,Industrial,2025-01-08 02:30:00,1.4731262790956414,0,NORMAL
MET_001,Jayanagar,F01,Industrial,2025-01-08 02:45:00,1.620518007253422,0,NORMAL
MET_001,Jayanagar,F01,Industrial,2025-01-08 03:00:00,1.472608026065422,0,NORMAL
MET_001,Jayanagar,F01,Industrial,2025-01-08 03:15:00,1.3707941154128016,0,NORMAL
MET_001,Jayanagar,F01,Industrial,2025-01-08 03:30:00,1.3473502603917453,0,NORMAL
MET_001,Jayanagar,F01,Industrial,2025-01-08 03:45:00,1.6118919952047521,0,NORMAL
MET_001,Jayanagar,F01,Industrial,2025-01-08 04:00:00,1.4140275182736668,0,NORMAL
MET_001,Jayanagar,F01,Industrial,2025-01-08 04:15:00,1.4847182196108324,0,NORMAL
MET_001,Jayanagar,F01,Industrial,2025-01-08 04:30:00,1.3620726433913057,0,NORMAL
MET_001,Jayanagar,F01,Industrial,2025-01-08 04:45:00,1.4608607326081025,0,NORMAL
MET_001,Jayanagar,F01,Industrial,2025-01-08 05:00:00,1.6216111432599325,0,NORMAL
MET_001,Jayanagar,F01,Industrial,2025-01-08 05:15:00,1.4938878489382355,0,NORMAL
MET_001,Jayanagar,F01,Industrial,2025-01-08 05:30:00,1.6338639639674943,0,NORMAL
MET_001,Jayanagar,F01,Industrial,2025-01-08 05:45:00,1.4211475027380926,0,NORMAL
MET_001,Jayanagar,F01,Industrial,2025-01-08 06:00:00,1.5145415101357755,0,NORMAL
MET_001,Jayanagar,F01,Industrial,2025-01-08 06:15:00,1.6219719215738955,0,NORMAL
MET_001,Jayanagar,F01,Industrial,2025-01-08 06:30:00,1.4975054145063718,0,NORMAL
MET_001,Jayanagar,F01,Industrial,2025-01-08 06:45:00,1.4464315292851868,0,NORMAL
MET_001,Jayanagar,F01,Industrial,2025-01-08 07:00:00,1.6526405781973301,0,NORMAL
MET_001,Jayanagar,F01,Industrial,2025-01-08 07:15:00,1.5089659107312552,0,NORMAL
MET_001,Jayanagar,F01,Industrial,2025-01-08 07:30:00,1.5524256735974513,0,NORMAL
MET_001,Jayanagar,F01,Industrial,2025-01-08 07:45:00,1.6899957974556807,0,NORMAL
MET_001,Jayanagar,F01,Industrial,2025-01-08 08:00:00,1.4735361799982127,0,NORMAL
MET_001,Jayanagar,F01,Industrial,2025-01-08 08:15:00,1.5096687874233026,0,NORMAL
MET_001,Jayanagar,F01,Industrial,2025-01-08 08:30:00,1.4246706047718356,0,NORMAL
MET_001,Jayanagar,F01,Industrial,2025-01-08 08:45:00,1.5381042455220297,0,NORMAL
MET_001,Jayanagar,F01,Industrial,2025-01-08 09:00:00,1.4895857319771129,0,NORMAL
MET_001,Jayanagar,F01,Industrial,2025-01-08 09:15:00,1.6416606383309682,0,NORMAL
MET_001,Jayanagar,F01,Industrial,2025-01-08 09:30:00,1.4836079814247154,0,NORMAL
MET_001,Jayanagar,F01,Industrial,2025-01-08 09:45:00,1.640005620095091,0,NORMAL
MET_001,Jayanagar,F01,Industrial,2025-01-08 10:00:00,1.4981135884706613,0,NORMAL
MET_001,Jayanagar,F01,Industrial,2025-01-08 10:15:00,1.5269665860430215,0,NORMAL
MET_001,Jayanagar,F01,Industrial,2025-01-08 10:30:00,1.5249672515247235,0,NORMAL
MET_001,Jayanagar,F01,Industrial,2025-01-08 10:45:00,,0,NORMAL
MET_001,Jayanagar,F01,Industrial,2025-01-08 11:00:00,1.5340209320142635,0,NORMAL
MET_001,Jayanagar,F01,Industrial,2025-01-08 11:15:00,1.5015242844640557,0,NORMAL
MET_001,Jayanagar,F01,Industrial,2025-01-08 11:30:00,1.6532809780753444,0,NORMAL
MET_001,Jayanagar,F01,Industrial,2025-01-08 11:45:00,1.5665889286915273,0,NORMAL
MET_001,Jayanagar,F01,Industrial,2025-01-08 12:00:00,1.430527736900736,0,NORMAL
MET_001,Jayanagar,F01,Industrial,2025-01-08 12:15:00,1.6387903274572582,0,NORMAL
MET_001,Jayanagar,F01,Industrial,2025-01-08 12:30:00,1.4696211703899273,0,NORMAL
MET_001,Jayanagar,F01,Industrial,2025-01-08 12:45:00,1.3774647718534747,0,NORMAL
MET_001,Jayanagar,F01,Industrial,2025-01-08 13:00:00,1.5020656017009204,0,NORMAL
MET_001,Jayanagar,F01,Industrial,2025-01-08 13:15:00,1.3905934378156641,0,NORMAL
MET_001,Jayanagar,F01,Industrial,2025-01-08 13:30:00,1.4250364655323238,0,NORMAL
MET_001,Jayanagar,F01,Industrial,2025-01-08 13:45:00,1.5780051248832385,0,NORMAL
MET_001,Jayanagar,F01,Industrial,2025-01-08 14:00:00,1.3945863113534165,0,NORMAL
MET_001,Jayanagar,F01,Industrial,2025-01-08 14:15:00,1.5982268255063514,0,NORMAL
MET_001,Jayanagar,F01,Industrial,2025-01-08 14:30:00,1.6373661957488463,0,NORMAL
MET_001,Jayanagar,F01,Industrial,2025-01-08 14:45:00,1.5378711822008415,0,NORMAL
MET_001,Jayanagar,F01,Industrial,2025-01-08 15:00:00,1.583910587998074,0,NORMAL
MET_001,Jayanagar,F01,Industrial,2025-01-08 15:15:00,1.5848916991212993,0,NORMAL
MET_001,Jayanagar,F01,Industrial,2025-01-08 15:30:00,1.6697729198172737,0,NORMAL
MET_001,Jayanagar,F01,Industrial,2025-01-08 15:45:00,1.4717917581267101,0,NORMAL
MET_001,Jayanagar,F01,Industrial,2025-01-08 16:00:00,1.4358372920948488,0,NORMAL
MET_001,Jayanagar,F01,Industrial,2025-01-08 16:15:00,1.5455563369689984,0,NORMAL
MET_001,Jayanagar,F01,Industrial,2025-01-08 16:30:00,1.5498927959642284,0,NORMAL
MET_001,Jayanagar,F01,Industrial,2025-01-08 16:45:00,1.4404734793013805,0,NORMAL
MET_001,Jayanagar,F01,Industrial,2025-01-08 17:00:00,1.5918712937813464,0,NORMAL
MET_001,Jayanagar,F01,Industrial,2025-01-08 17:15:00,1.4053885788314993,0,NORMAL
MET_001,Jayanagar,F01,Industrial,2025-01-08 17:30:00,1.6898033689509118,0,NORMAL
MET_001,Jayanagar,F01,Industrial,2025-01-08 17:45:00,1.4833613753262316,0,NORMAL
MET_001,Jayanagar,F01,Industrial,2025-01-08 18:00:00,1.419413690178725,0,NORMAL
MET_001,Jayanagar,F01,Industrial,2025-01-08 18:15:00,1.4408911975434364,0,NORMAL
MET_001,Jayanagar,F01,Industrial,2025-01-08 18:30:00,1.4821643382122751,0,NORMAL
MET_001,Jayanagar,F01,Industrial,2025-01-08 18:45:00,1.4926881592679717,0,NORMAL
MET_001,Jayanagar,F01,Industrial,2025-01-08 19:00:00,1.4111741198721848,0,NORMAL
MET_001,Jayanagar,F01,Industrial,2025-01-08 19:15:00,1.4879295230556149,0,NORMAL
MET_001,Jayanagar,F01,Industrial,2025-01-08 19:30:00,1.4610270285631792,0,NORMAL
MET_001,Jayanagar,F01,Industrial,2025-01-08 19:45:00,1.518833481708983,0,NORMAL
MET_001,Jayanagar,F01,Industrial,2025-01-08 20:00:00,1.5040680224398328,0,NORMAL
MET_001,Jayanagar,F01,Industrial,2025-01-08 20:15:00,1.4898560692859324,0,NORMAL
MET_001,Jayanagar,F01,Industrial,2025-01-08 20:30:00,1.4864435201404704,0,NORMAL
MET_001,Jayanagar,F01,Industrial,2025-01-08 20:45:00,1.4131076797331898,0,NORMAL
MET_001,Jayanagar,F01,Industrial,2025-01-08 21:00:00,1.3745667246102278,0,NORMAL
MET_001,Jayanagar,F01,Industrial,2025-01-08 21:15:00,1.4283043371137705,0,NORMAL
MET_001,Jayanagar,F01,Industrial,2025-01-08 21:30:00,1.5967487595135514,0,NORMAL
MET_001,Jayanagar,F01,Industrial,2025-01-08 21:45:00,1.667876810681175,0,NORMAL
MET_001,Jayanagar,F01,Industrial,2025-01-08 22:00:00,1.6298031637259403,0,NORMAL
MET_001,Jayanagar,F01,Industrial,2025-01-08 22:15:00,1.5024137813147613,0,NORMAL
MET_001,Jayanagar,F01,Industrial,2025-01-08 22:30:00,1.5107014638963088,0,NORMAL
MET_001,Jayanagar,F01,Industrial,2025-01-08 22:45:00,1.445478942200799,0,NORMAL
MET_001,Jayanagar,F01,Industrial,2025-01-08 23:00:00,1.5709942849318719,0,NORMAL
MET_001,Jayanagar,F01,Industrial,2025-01-08 23:15:00,1.5682589389831045,0,NORMAL
MET_001,Jayanagar,F01,Industrial,2025-01-08 23:30:00,1.5919449642087995,0,NORMAL
MET_001,Jayanagar,F01,Industrial,2025-01-08 23:45:00,1.607205951778928,0,NORMAL
MET_001,Jayanagar,F01,Industrial,2025-01-09 00:00:00,1.4694795007536612,0,NORMAL
MET_001,Jayanagar,F01,Industrial,2025-01-09 00:15:00,1.5685078803729706,0,NORMAL
MET_001,Jayanagar,F01,Industrial,2025-01-09 00:30:00,1.5802781202800666,0,NORMAL
MET_001,Jayanagar,F01,Industrial,2025-01-09 00:45:00,1.431988797307667,0,NORMAL
MET_001,Jayanagar,F01,Industrial,2025-01-09 01:00:00,1.6168957886907118,0,NORMAL
MET_001,Jayanagar,F01,Industrial,2025-01-09 01:15:00,1.3682519757938802,0,NORMAL
MET_001,Jayanagar,F01,Industrial,2025-01-09 01:30:00,1.6362616178214913,0,NORMAL
MET_001,Jayanagar,F01,Industrial,2025-01-09 01:45:00,1.5694984871261588,0,NORMAL
MET_001,Jayanagar,F01,Industrial,2025-01-09 02:00:00,1.3681140951130097,0,NORMAL
MET_001,Jayanagar,F01,Industrial,2025-01-09 02:15:00,1.5357923807705276,0,NORMAL
MET_001,Jayanagar,F01,Industrial,2025-01-09 02:30:00,1.3505135860093902,0,NORMAL
MET_001,Jayanagar,F01,Industrial,2025-01-09 02:45:00,1.569734770282641,0,NORMAL
MET_001,Jayanagar,F01,Industrial,2025-01-09 03:00:00,1.5793888561903242,0,NORMAL
MET_001,Jayanagar,F01,Industrial,2025-01-09 03:15:00,,0,NORMAL
MET_001,Jayanagar,F01,Industrial,2025-01-09 03:30:00,1.5965672198050447,0,NORMAL
MET_001,Jayanagar,F01,Industrial,2025-01-09 03:45:00,1.3703604702407308,0,NORMAL
MET_001,Jayanagar,F01,Industrial,2025-01-09 04:00:00,1.4267590424474372,0,NORMAL
MET_001,Jayanagar,F01,Industrial,2025-01-09 04:15:00,1.4680609337623443,0,NORMAL
MET_001,Jayanagar,F01,Industrial,2025-01-09 04:30:00,1.3570134645123135,0,NORMAL
MET_001,Jayanagar,F01,Industrial,2025-01-09 04:45:00,1.4782296117831835,0,NORMAL
MET_001,Jayanagar,F01,Industrial,2025-01-09 05:00:00,1.4328240442981004,0,NORMAL
MET_001,Jayanagar,F01,Industrial,2025-01-09 05:15:00,1.4711677519347928,0,NORMAL
MET_001,Jayanagar,F01,Industrial,2025-01-09 05:30:00,1.4809001814393719,0,NORMAL
MET_001,Jayanagar,F01,Industrial,2025-01-09 05:45:00,1.6175037166558366,0,NORMAL
MET_001,Jayanagar,F01,Industrial,2025-01-09 06:00:00,1.45357697133598,0,NORMAL
MET_001,Jayanagar,F01,Industrial,2025-01-09 06:15:00,1.6435346759576515,0,NORMAL
MET_001,Jayanagar,F01,Industrial,2025-01-09 06:30:00,1.5009991948499335,0,NORMAL
MET_001,Jayanagar,F01,Industrial,2025-01-09 06:45:00,1.4710877415671655,0,NORMAL
MET_001,Jayanagar,F01,Industrial,2025-01-09 07:00:00,1.554320517649629,0,NORMAL
MET_001,Jayanagar,F01,Industrial,2025-01-09 07:15:00,1.5279821847792177,0,NORMAL
MET_001,Jayanagar,F01,Industrial,2025-01-09 07:30:00,1.478153640282115,0,NORMAL
MET_001,Jayanagar,F01,Industrial,2025-01-09 07:45:00,1.5543724914736692,0,NORMAL
MET_001,Jayanagar,F01,Industrial,2025-01-09 08:00:00,1.4726752117162727,0,NORMAL
MET_001,Jayanagar,F01,Industrial,2025-01-09 08:15:00,1.5360321368092114,0,NORMAL
MET_001,Jayanagar,F01,Industrial,2025-01-09 08:30:00,1.6037363825670468,0,NORMAL
MET_001,Jayanagar,F01,Industrial,2025-01-09 08:45:00,1.5554950407927657,0,NORMAL
MET_001,Jayanagar,F01,Industrial,2025-01-09 09:00:00,1.6988445632532,0,NORMAL
MET_001,Jayanagar,F01,Industrial,2025-01-09 09:15:00,1.5178557338042367,0,NORMAL
MET_001,Jayanagar,F01,Industrial,2025-01-09 09:30:00,1.745387804824775,0,NORMAL
MET_001,Jayanagar,F01,Industrial,2025-01-09 09:45:00,1.6863390425261966,0,NORMAL
MET_001,Jayanagar,F01,Industrial,2025-01-09 10:00:00,1.7313666394329525,0,NORMAL
MET_001,Jayanagar,F01,Industrial,2025-01-09 10:15:00,1.690372985667609,0,NORMAL
MET_001,Jayanagar,F01,Industrial,2025-01-09 10:30:00,1.4699674675464753,0,NORMAL
MET_001,Jayanagar,F01,Industrial,2025-01-09 10:45:00,1.5916775945076753,0,NORMAL
MET_001,Jayanagar,F01,Industrial,2025-01-09 11:00:00,1.4523355539739988,0,NORMAL
MET_001,Jayanagar,F01,Industrial,2025-01-09 11:15:00,1.6539370862801797,0,NORMAL
MET_001,Jayanagar,F01,Industrial,2025-01-09 11:30:00,1.581144199681897,0,NORMAL
MET_001,Jayanagar,F01,Industrial,2025-01-09 11:45:00,1.481404414901283,0,NORMAL
MET_001,Jayanagar,F01,Industrial,2025-01-09 12:00:00,1.6590600108200784,0,NORMAL
MET_001,Jayanagar,F01,Industrial,2025-01-09 12:15:00,1.410209237003318,0,NORMAL
MET_001,Jayanagar,F01,Industrial,2025-01-09 12:30:00,1.5473061007282456,0,NORMAL
MET_001,Jayanagar,F01,Industrial,2025-01-09 12:45:00,1.5953332177524226,0,NORMAL
MET_001,Jayanagar,F01,Industrial,2025-01-09 13:00:00,1.380433156650997,0,NORMAL
MET_001,Jayanagar,F01,Industrial,2025-01-09 13:15:00,1.5436462603315513,0,NORMAL
MET_001,Jayanagar,F01,Industrial,2025-01-09 13:30:00,1.609671002494086,0,NORMAL
MET_001,Jayanagar,F01,Industrial,2025-01-09 13:45:00,1.3830611166610889,0,NORMAL
MET_001,Jayanagar,F01,Industrial,2025-01-09 14:00:00,1.5198406580006052,0,NORMAL
MET_001,Jayanagar,F01,Industrial,2025-01-09 14:15:00,1.4429166172633312,0,NORMAL
MET_001,Jayanagar,F01,Industrial,2025-01-09 14:30:00,1.5655311486024843,0,NORMAL
MET_001,Jayanagar,F01,Industrial,2025-01-09 14:45:00,1.400501469928498,0,NORMAL
MET_001,Jayanagar,F01,Industrial,2025-01-09 15:00:00,1.6641730690374892,0,NORMAL
MET_001,Jayanagar,F01,Industrial,2025-01-09 15:15:00,1.6512188885712473,0,NORMAL
MET_001,Jayanagar,F01,Industrial,2025-01-09 15:30:00,1.4342833668568091,0,NORMAL
MET_001,Jayanagar,F01,Industrial,2025-01-09 15:45:00,1.476305547578354,0,NORMAL
MET_001,Jayanagar,F01,Industrial,2025-01-09 16:00:00,1.5773975731287848,0,NORMAL
MET_001,Jayanagar,F01,Industrial,2025-01-09 16:15:00,1.6178359703966185,0,NORMAL
MET_001,Jayanagar,F01,Industrial,2025-01-09 16:30:00,1.532447520698136,0,NORMAL
MET_001,Jayanagar,F01,Industrial,2025-01-09 16:45:00,,0,NORMAL
MET_001,Jayanagar,F01,Industrial,2025-01-09 17:00:00,1.4432598161351322,0,NORMAL
MET_001,Jayanagar,F01,Industrial,2025-01-09 17:15:00,1.7240071964672021,0,NORMAL
MET_001,Jayanagar,F01,Industrial,2025-01-09 17:30:00,1.553350405890353,0,NORMAL
MET_001,Jayanagar,F01,Industrial,2025-01-09 17:45:00,1.6841233818854462,0,NORMAL
MET_001,Jayanagar,F01,Industrial,2025-01-09 18:00:00,1.5685694732376856,0,NORMAL
MET_001,Jayanagar,F01,Industrial,2025-01-09 18:15:00,1.7070860683533615,0,NORMAL
MET_001,Jayanagar,F01,Industrial,2025-01-09 18:30:00,1.444334853830628,0,NORMAL
MET_001,Jayanagar,F01,Industrial,2025-01-09 18:45:00,1.4526020608914194,0,NORMAL
MET_001,Jayanagar,F01,Industrial,2025-01-09 19:00:00,1.7019842974368722,0,NORMAL
MET_001,Jayanagar,F01,Industrial,2025-01-09 19:15:00,1.7075830005621193,0,NORMAL
MET_001,Jayanagar,F01,Industrial,2025-01-09 19:30:00,1.509231787506413,0,NORMAL
MET_001,Jayanagar,F01,Industrial,2025-01-09 19:45:00,1.521910529743261,0,NORMAL
MET_001,Jayanagar,F01,Industrial,2025-01-09 20:00:00,1.535253754561755,0,NORMAL
MET_001,Jayanagar,F01,Industrial,2025-01-09 20:15:00,1.5240043452163559,0,NORMAL
MET_001,Jayanagar,F01,Industrial,2025-01-09 20:30:00,1.4539085069890894,0,NORMAL
MET_001,Jayanagar,F01,Industrial,2025-01-09 20:45:00,1.6734900269024533,0,NORMAL
MET_001,Jayanagar,F01,Industrial,2025-01-09 21:00:00,1.4537694663143101,0,NORMAL
MET_001,Jayanagar,F01,Industrial,2025-01-09 21:15:00,1.5920000825579945,0,NORMAL
MET_001,Jayanagar,F01,Industrial,2025-01-09 21:30:00,1.3968360623683336,0,NORMAL
MET_001,Jayanagar,F01,Industrial,2025-01-09 21:45:00,1.388148770340449,0,NORMAL
MET_001,Jayanagar,F01,Industrial,2025-01-09 22:00:00,1.557926529433342,0,NORMAL
MET_001,Jayanagar,F01,Industrial,2025-01-09 22:15:00,1.4627911220767662,0,NORMAL
MET_001,Jayanagar,F01,Industrial,2025-01-09 22:30:00,1.5584491664964384,0,NORMAL
MET_001,Jayanagar,F01,Industrial,2025-01-09 22:45:00,1.388731433613257,0,NORMAL
MET_001,Jayanagar,F01,Industrial,2025-01-09 23:00:00,1.6345423449235905,0,NORMAL
MET_001,Jayanagar,F01,Industrial,2025-01-09 23:15:00,1.5741565312581558,0,NORMAL
MET_001,Jayanagar,F01,Industrial,2025-01-09 23:30:00,1.6124726781341188,0,NORMAL
MET_001,Jayanagar,F01,Industrial,2025-01-09 23:45:00,1.3905897469985857,0,NORMAL
MET_001,Jayanagar,F01,Industrial,2025-01-10 00:00:00,1.4448453823949106,0,NORMAL
MET_001,Jayanagar,F01,Industrial,2025-01-10 00:15:00,1.4592883165016726,0,NORMAL
MET_001,Jayanagar,F01,Industrial,2025-01-10 00:30:00,1.5098947292900462,0,NORMAL
MET_001,Jayanagar,F01,Industrial,2025-01-10 00:45:00,1.4378634501977967,0,NORMAL
MET_001,Jayanagar,F01,Industrial,2025-01-10 01:00:00,1.367079926586864,0,NORMAL
MET_001,Jayanagar,F01,Industrial,2025-01-10 01:15:00,1.459479242141748,0,NORMAL
MET_001,Jayanagar,F01,Industrial,2025-01-10 01:30:00,1.4252083309147565,0,NORMAL
MET_001,Jayanagar,F01,Industrial,2025-01-10 01:45:00,1.4645879699605215,0,NORMAL
MET_001,Jayanagar,F01,Industrial,2025-01-10 02:00:00,1.4081316565548958,0,NORMAL
MET_001,Jayanagar,F01,Industrial,2025-01-10 02:15:00,1.427599486309019,0,NORMAL
MET_001,Jayanagar,F01,Industrial,2025-01-10 02:30:00,1.5370419580373478,0,NORMAL
MET_001,Jayanagar,F01,Industrial,2025-01-10 02:45:00,1.465451020840613,0,NORMAL
MET_001,Jayanagar,F01,Industrial,2025-01-10 03:00:00,1.4535541396885885,0,NORMAL
MET_001,Jayanagar,F01,Industrial,2025-01-10 03:15:00,1.510108442927368,0,NORMAL
MET_001,Jayanagar,F01,Industrial,2025-01-10 03:30:00,1.5814919256558733,0,NORMAL
MET_001,Jayanagar,F01,Industrial,2025-01-10 03:45:00,1.4635990879360965,0,NORMAL
MET_001,Jayanagar,F01,Industrial,2025-01-10 04:00:00,1.5297677914027998,0,NORMAL
MET_001,Jayanagar,F01,Industrial,2025-01-10 04:15:00,1.643634138366474,0,NORMAL
MET_001,Jayanagar,F01,Industrial,2025-01-10 04:30:00,1.5100607356658355,0,NORMAL
MET_001,Jayanagar,F01,Industrial,2025-01-10 04:45:00,1.6266736869853138,0,NORMAL
MET_001,Jayanagar,F01,Industrial,2025-01-10 05:00:00,1.602115296156242,0,NORMAL
MET_001,Jayanagar,F01,Industrial,2025-01-10 05:15:00,1.3796835295931844,0,NORMAL
MET_001,Jayanagar,F01,Industrial,2025-01-10 05:30:00,1.491778063883694,0,NORMAL
MET_001,Jayanagar,F01,Industrial,2025-01-10 05:45:00,1.5732566077802475,0,NORMAL
MET_001,Jayanagar,F01,Industrial,2025-01-10 06:00:00,1.682778501132199,0,NORMAL
MET_001,Jayanagar,F01,Industrial,2025-01-10 06:15:00,1.5207375849932554,0,NORMAL
MET_001,Jayanagar,F01,Industrial,2025-01-10 06:30:00,1.4086106115727515,0,NORMAL
MET_001,Jayanagar,F01,Industrial,2025-01-10 06:45:00,1.5525218651292145,0,NORMAL
MET_001,Jayanagar,F01,Industrial,2025-01-10 07:00:00,1.4468955366814966,0,NORMAL
MET_001,Jayanagar,F01,Industrial,2025-01-10 07:15:00,1.642342039139065,0,NORMAL
MET_001,Jayanagar,F01,Industrial,2025-01-10 07:30:00,1.5660835605692027,0,NORMAL
MET_001,Jayanagar,F01,Industrial,2025-01-10 07:45:00,1.6335578352844036,0,NORMAL
MET_001,Jayanagar,F01,Industrial,2025-01-10 08:00:00,1.7109394384354675,0,NORMAL
MET_001,Jayanagar,F01,Industrial,2025-01-10 08:15:00,1.6343319230826945,0,NORMAL
MET_001,Jayanagar,F01,Industrial,2025-01-10 08:30:00,1.6290714533784632,0,NORMAL
MET_001,Jayanagar,F01,Industrial,2025-01-10 08:45:00,1.6743612817252902,0,NORMAL
MET_001,Jayanagar,F01,Industrial,2025-01-10 09:00:00,1.7158914312600524,0,NORMAL
MET_001,Jayanagar,F01,Industrial,2025-01-10 09:15:00,1.7244344376025666,0,NORMAL
MET_001,Jayanagar,F01,Industrial,2025-01-10 09:30:00,1.4570121225476056,0,NORMAL
MET_001,Jayanagar,F01,Industrial,2025-01-10 09:45:00,1.6239488405118043,0,NORMAL
MET_001,Jayanagar,F01,Industrial,2025-01-10 10:00:00,1.5032030431797476,0,NORMAL
MET_001,Jayanagar,F01,Industrial,2025-01-10 10:15:00,1.7084877317714313,0,NORMAL
MET_001,Jayanagar,F01,Industrial,2025-01-10 10:30:00,1.6409340857232486,0,NORMAL
MET_001,Jayanagar,F01,Industrial,2025-01-10 10:45:00,1.5682084541352124,0,NORMAL
MET_001,Jayanagar,F01,Industrial,2025-01-10 11:00:00,1.4674912838363896,0,NORMAL
MET_001,Jayanagar,F01,Industrial,2025-01-10 11:15:00,1.5147327464947078,0,NORMAL
MET_001,Jayanagar,F01,Industrial,2025-01-10 11:30:00,1.6289096910330747,0,NORMAL
MET_001,Jayanagar,F01,Industrial,2025-01-10 11:45:00,1.472579595653969,0,NORMAL
MET_001,Jayanagar,F01,Industrial,2025-01-10 12:00:00,1.4127720357335258,0,NORMAL
MET_001,Jayanagar,F01,Industrial,2025-01-10 12:15:00,1.657106543613571,0,NORMAL
MET_001,Jayanagar,F01,Industrial,2025-01-10 12:30:00,1.6190257715174365,0,NORMAL
MET_001,Jayanagar,F01,Industrial,2025-01-10 12:45:00,1.445437892539654,0,NORMAL
MET_001,Jayanagar,F01,Industrial,2025-01-10 13:00:00,1.4606005090314231,0,NORMAL
MET_001,Jayanagar,F01,Industrial,2025-01-10 13:15:00,1.667777316591688,0,NORMAL
MET_001,Jayanagar,F01,Industrial,2025-01-10 13:30:00,1.5873502470678962,0,NORMAL
MET_001,Jayanagar,F01,Industrial,2025-01-10 13:45:00,1.5575846797782473,0,NORMAL
MET_001,Jayanagar,F01,Industrial,2025-01-10 14:00:00,1.4673138886753054,0,NORMAL
MET_001,Jayanagar,F01,Industrial,2025-01-10 14:15:00,1.4647186235117715,0,NORMAL
MET_001,Jayanagar,F01,Industrial,2025-01-10 14:30:00,1.3854868515461276,0,NORMAL
MET_001,Jayanagar,F01,Industrial,2025-01-10 14:45:00,1.5957605882509,0,NORMAL
MET_001,Jayanagar,F01,Industrial,2025-01-10 15:00:00,1.3996541030141996,0,NORMAL
MET_001,Jayanagar,F01,Industrial,2025-01-10 15:15:00,1.387849190041893,0,NORMAL
MET_001,Jayanagar,F01,Industrial,2025-01-10 15:30:00,1.6110944204943305,0,NORMAL
MET_001,Jayanagar,F01,Industrial,2025-01-10 15:45:00,1.6786802474484526,0,NORMAL
MET_001,Jayanagar,F01,Industrial,2025-01-10 16:00:00,1.6403945978684635,0,NORMAL
MET_001,Jayanagar,F01,Industrial,2025-01-10 16:15:00,1.551497571141339,0,NORMAL
MET_001,Jayanagar,F01,Industrial,2025-01-10 16:30:00,1.5559929515581008,0,NORMAL
MET_001,Jayanagar,F01,Industrial,2025-01-10 16:45:00,1.5404179258597113,0,NORMAL
MET_001,Jayanagar,F01,Industrial,2025-01-10 17:00:00,1.5222512657645997,0,NORMAL
MET_001,Jayanagar,F01,Industrial,2025-01-10 17:15:00,1.5844301354240637,0,NORMAL
MET_001,Jayanagar,F01,Industrial,2025-01-10 17:30:00,1.5558559976886925,0,NORMAL
MET_001,Jayanagar,F01,Industrial,2025-01-10 17:45:00,1.6085524743261868,0,NORMAL
MET_001,Jayanagar,F01,Industrial,2025-01-10 18:00:00,1.7105508389370543,0,NORMAL
MET_001,Jayanagar,F01,Industrial,2025-01-10 18:15:00,1.7412530341299344,0,NORMAL
MET_001,Jayanagar,F01,Industrial,2025-01-10 18:30:00,1.450907549107279,0,NORMAL
MET_001,Jayanagar,F01,Industrial,2025-01-10 18:45:00,1.5478535652225058,0,NORMAL
MET_001,Jayanagar,F01,Industrial,2025-01-10 19:00:00,1.4768034749289418,0,NORMAL
MET_001,Jayanagar,F01,Industrial,2025-01-10 19:15:00,1.5308861690886784,0,NORMAL
MET_001,Jayanagar,F01,Industrial,2025-01-10 19:30:00,1.5104893352022501,0,NORMAL
MET_001,Jayanagar,F01,Industrial,2025-01-10 19:45:00,1.4748570815904147,0,NORMAL
MET_001,Jayanagar,F01,Industrial,2025-01-10 20:00:00,1.6425113862619785,0,NORMAL
MET_001,Jayanagar,F01,Industrial,2025-01-10 20:15:00,1.5589556582899151,0,NORMAL
MET_001,Jayanagar,F01,Industrial,2025-01-10 20:30:00,1.6909278064013842,0,NORMAL
MET_001,Jayanagar,F01,Industrial,2025-01-10 20:45:00,1.4142718725500911,0,NORMAL
MET_001,Jayanagar,F01,Industrial,2025-01-10 21:00:00,1.4059009678032208,0,NORMAL
MET_001,Jayanagar,F01,Industrial,2025-01-10 21:15:00,1.509426376878532,0,NORMAL
MET_001,Jayanagar,F01,Industrial,2025-01-10 21:30:00,1.4099950337065643,0,NORMAL
MET_001,Jayanagar,F01,Industrial,2025-01-10 21:45:00,1.4661612404813518,0,NORMAL
MET_001,Jayanagar,F01,Industrial,2025-01-10 22:00:00,1.6692047586026777,0,NORMAL
MET_001,Jayanagar,F01,Industrial,2025-01-10 22:15:00,1.4327698085852925,0,NORMAL
MET_001,Jayanagar,F01,Industrial,2025-01-10 22:30:00,1.4294710123176952,0,NORMAL
MET_001,Jayanagar,F01,Industrial,2025-01-10 22:45:00,1.543729353360085,0,NORMAL
MET_001,Jayanagar,F01,Industrial,2025-01-10 23:00:00,1.5088074020427968,0,NORMAL
MET_001,Jayanagar,F01,Industrial,2025-01-10 23:15:00,1.5336945838020475,0,NORMAL
MET_001,Jayanagar,F01,Industrial,2025-01-10 23:30:00,1.4722002404679913,0,NORMAL
MET_001,Jayanagar,F01,Industrial,2025-01-10 23:45:00,1.6080554673933298,0,NORMAL
MET_001,Jayanagar,F01,Industrial,2025-01-11 00:00:00,1.398989060757214,0,NORMAL
MET_001,Jayanagar,F01,Industrial,2025-01-11 00:15:00,1.4863959614767155,0,NORMAL
MET_001,Jayanagar,F01,Industrial,2025-01-11 00:30:00,1.5652245279325028,0,NORMAL
MET_001,Jayanagar,F01,Industrial,2025-01-11 00:45:00,1.6190522019022826,0,NORMAL
MET_001,Jayanagar,F01,Industrial,2025-01-11 01:00:00,,0,NORMAL
MET_001,Jayanagar,F01,Industrial,2025-01-11 01:15:00,1.528456856261152,0,NORMAL
MET_001,Jayanagar,F01,Industrial,2025-01-11 01:30:00,1.3780749525808733,0,NORMAL
MET_001,Jayanagar,F01,Industrial,2025-01-11 01:45:00,1.4085910769531107,0,NORMAL
MET_001,Jayanagar,F01,Industrial,2025-01-11 02:00:00,1.37825671299237,0,NORMAL
MET_001,Jayanagar,F01,Industrial,2025-01-11 02:15:00,1.576963024079913,0,NORMAL
MET_001,Jayanagar,F01,Industrial,2025-01-11 02:30:00,1.4442933348593543,0,NORMAL
MET_001,Jayanagar,F01,Industrial,2025-01-11 02:45:00,1.5757155413491108,0,NORMAL
MET_001,Jayanagar,F01,Industrial,2025-01-11 03:00:00,1.378307872786507,0,NORMAL
MET_001,Jayanagar,F01,Industrial,2025-01-11 03:15:00,1.618615241122886,0,NORMAL
MET_001,Jayanagar,F01,Industrial,2025-01-11 03:30:00,1.6104603295986346,0,NORMAL
MET_001,Jayanagar,F01,Industrial,2025-01-11 03:45:00,1.3851084000337488,0,NORMAL
MET_001,Jayanagar,F01,Industrial,2025-01-11 04:00:00,1.368636224603325,0,NORMAL
MET_001,Jayanagar,F01,Industrial,2025-01-11 04:15:00,1.378478684761424,0,NORMAL
MET_001,Jayanagar,F01,Industrial,2025-01-11 04:30:00,1.6197096766015642,0,NORMAL
MET_001,Jayanagar,F01,Industrial,2025-01-11 04:45:00,1.4324570074942218,0,NORMAL
MET_001,Jayanagar,F01,Industrial,2025-01-11 05:00:00,1.537265675501495,0,NORMAL
MET_001,Jayanagar,F01,Industrial,2025-01-11 05:15:00,1.5001062038177955,0,NORMAL
MET_001,Jayanagar,F01,Industrial,2025-01-11 05:30:00,1.6125572275209172,0,NORMAL
MET_001,Jayanagar,F01,Industrial,2025-01-11 05:45:00,1.5191852014606015,0,NORMAL
MET_001,Jayanagar,F01,Industrial,2025-01-11 06:00:00,1.543162215531049,0,NORMAL
MET_001,Jayanagar,F01,Industrial,2025-01-11 06:15:00,1.693887977712197,0,NORMAL
MET_001,Jayanagar,F01,Industrial,2025-01-11 06:30:00,1.4349911857550977,0,NORMAL
MET_001,Jayanagar,F01,Industrial,2025-01-11 06:45:00,1.6450107620910892,0,NORMAL
MET_001,Jayanagar,F01,Industrial,2025-01-11 07:00:00,1.432274903051488,0,NORMAL
MET_001,Jayanagar,F01,Industrial,2025-01-11 07:15:00,1.5662902855654748,0,NORMAL
MET_001,Jayanagar,F01,Industrial,2025-01-11 07:30:00,1.6948893544076002,0,NORMAL
MET_001,Jayanagar,F01,Industrial,2025-01-11 07:45:00,1.6253104290214742,0,NORMAL
MET_001,Jayanagar,F01,Industrial,2025-01-11 08:00:00,1.6624480634761447,0,NORMAL
MET_001,Jayanagar,F01,Industrial,2025-01-11 08:15:00,1.5271822234771408,0,NORMAL
MET_001,Jayanagar,F01,Industrial,2025-01-11 08:30:00,1.5769598246564027,0,NORMAL
MET_001,Jayanagar,F01,Industrial,2025-01-11 08:45:00,1.5602899510749066,0,NORMAL
MET_001,Jayanagar,F01,Industrial,2025-01-11 09:00:00,1.6227322645569122,0,NORMAL
MET_001,Jayanagar,F01,Industrial,2025-01-11 09:15:00,1.6035962231018113,0,NORMAL
MET_001,Jayanagar,F01,Industrial,2025-01-11 09:30:00,1.5598630444495112,0,NORMAL
